future,policy,budget,selector,v_oracle,v_robust_worst,v_selected,regret,NR,NR_lo,NR_hi,spearman,v_selected_noisefree,n_boot_used,best_selector_in_cell
AZT@0.44,random,24,random,1.2151,0.9437,1.0373,0.1778,0.6551,0.619,0.6719,,1.0215,2000,
AZT@0.44,random,24,current_fitness,1.2151,0.9437,1.0774,0.1378,0.5077,0.45,1.1015,0.0531,1.0828,2000,
AZT@0.44,random,24,known_family_mean,1.2151,0.9437,1.0242,0.1909,0.7034,0.467,0.886,0.0582,0.9636,2000,
AZT@0.44,random,24,known_family_worst,1.2151,0.9437,1.0242,0.1909,0.7034,0.4379,1.0474,0.0806,0.9636,2000,
AZT@0.44,random,24,local_robustness,1.2151,0.9437,1.0693,0.1459,0.5375,0.4788,0.6939,0.0799,1.0286,2000,
AZT@0.44,random,24,neighbor_informative_frac,1.2151,0.9437,1.0803,0.1348,0.4969,0.2625,1.0705,0.029,1.1696,2000,
AZT@0.44,random,24,dist_to_best,1.2151,0.9437,1.0626,0.1525,0.5619,0.4668,1.0105,0.043,1.0217,2000,
AZT@0.44,random,24,n_better_neighbors,1.2151,0.9437,1.0807,0.1345,0.4954,0.2855,1.0344,0.0055,1.0981,2000,
AZT@0.44,random,24,local_ruggedness,1.2151,0.9437,1.0807,0.1345,0.4954,0.2856,1.0813,0.0111,1.0981,2000,
AZT@0.44,random,24,proxy_eov_today,1.2151,0.9437,0.9093,0.3058,1.1267,0.4765,1.1701,0.015,1.0217,2000,
AZT@0.44,random,24,oracle,1.2151,0.9437,1.2151,0.0,0.0,0.0,0.0,1.0,1.2266,2000,
AZT@0.44,random,96,random,1.2993,1.0662,1.1152,0.1841,0.7899,0.7225,0.7996,,1.09,2000,
AZT@0.44,random,96,current_fitness,1.2993,1.0662,1.0939,0.2054,0.8811,0.8423,1.0088,-0.0328,1.0963,2000,
AZT@0.44,random,96,known_family_mean,1.2993,1.0662,1.0951,0.2042,0.8763,0.7243,0.8888,-0.0579,1.1033,2000,
AZT@0.44,random,96,known_family_worst,1.2993,1.0662,1.0951,0.2042,0.8763,0.7604,0.9595,-0.0197,1.1033,2000,
AZT@0.44,random,96,local_robustness,1.2993,1.0662,1.1066,0.1927,0.8267,0.4716,0.9045,-0.0679,1.0541,2000,
AZT@0.44,random,96,neighbor_informative_frac,1.2993,1.0662,1.0856,0.2137,0.9169,0.4375,1.0333,-0.0826,1.0504,2000,
AZT@0.44,random,96,dist_to_best,1.2993,1.0662,1.088,0.2113,0.9068,0.8369,0.9413,-0.0582,1.0557,2000,
AZT@0.44,random,96,n_better_neighbors,1.2993,1.0662,1.1135,0.1858,0.7972,0.2466,1.0243,0.0016,1.1154,2000,
AZT@0.44,random,96,local_ruggedness,1.2993,1.0662,1.1135,0.1858,0.7972,0.2477,1.0246,0.0,1.1154,2000,
AZT@0.44,random,96,proxy_eov_today,1.2993,1.0662,1.0901,0.2092,0.8974,0.6063,0.9927,0.0288,1.0001,2000,
AZT@0.44,random,96,oracle,1.2993,1.0662,1.2993,0.0,0.0,0.0,0.0,1.0,1.2689,2000,
AZT@0.44,random,384,random,1.4337,1.1294,1.1832,0.2505,0.8232,0.7562,0.8332,,1.1357,2000,
AZT@0.44,random,384,current_fitness,1.4337,1.1294,1.1577,0.2759,0.907,0.5584,0.9474,-0.0064,1.1253,2000,
AZT@0.44,random,384,known_family_mean,1.4337,1.1294,1.1642,0.2695,0.8858,0.7681,0.9225,-0.0049,1.1674,2000,
AZT@0.44,random,384,known_family_worst,1.4337,1.1294,1.1642,0.2695,0.8858,0.6208,0.9376,0.0134,1.1674,2000,
AZT@0.44,random,384,local_robustness,1.4337,1.1294,1.1997,0.234,0.7692,0.6854,0.9688,-0.0044,1.1494,2000,
AZT@0.44,random,384,neighbor_informative_frac,1.4337,1.1294,1.1712,0.2625,0.8629,0.4432,1.0198,-0.007,1.1747,2000,
AZT@0.44,random,384,dist_to_best,1.4337,1.1294,1.175,0.2587,0.8502,0.7842,0.8785,0.003,1.157,2000,
AZT@0.44,random,384,n_better_neighbors,1.4337,1.1294,1.2462,0.1874,0.6161,0.5482,1.0367,-0.0134,1.1674,2000,
AZT@0.44,random,384,local_ruggedness,1.4337,1.1294,1.2462,0.1874,0.6161,0.528,1.038,-0.0132,1.1674,2000,
AZT@0.44,random,384,proxy_eov_today,1.4337,1.1294,1.1627,0.271,0.8906,0.4835,0.9019,-0.0625,1.1266,2000,
AZT@0.44,random,384,oracle,1.4337,1.1294,1.4337,0.0,0.0,0.0,0.0,1.0,1.2689,2000,
AZT@0.44,greedy_ssm,24,random,1.3034,0.4384,0.9173,0.3861,0.4463,0.4031,0.4622,,0.8923,2000,
AZT@0.44,greedy_ssm,24,current_fitness,1.3034,0.4384,1.1557,0.1477,0.1707,0.1177,0.265,0.2946,1.1092,2000,
AZT@0.44,greedy_ssm,24,known_family_mean,1.3034,0.4384,1.108,0.1954,0.2259,0.12,0.249,0.4433,1.0691,2000,
AZT@0.44,greedy_ssm,24,known_family_worst,1.3034,0.4384,1.108,0.1954,0.2259,0.1647,0.3448,0.357,1.0691,2000,
AZT@0.44,greedy_ssm,24,local_robustness,1.3034,0.4384,1.1553,0.148,0.1711,0.1178,0.266,0.4737,1.0887,2000,
AZT@0.44,greedy_ssm,24,neighbor_informative_frac,1.3034,0.4384,0.8437,0.4597,0.5314,0.1152,1.0591,0.2635,0.9587,2000,
AZT@0.44,greedy_ssm,24,dist_to_best,1.3034,0.4384,1.0698,0.2335,0.27,0.1742,0.2793,0.325,1.0622,2000,
AZT@0.44,greedy_ssm,24,n_better_neighbors,1.3034,0.4384,0.9991,0.3042,0.3517,0.1657,1.0389,0.0314,1.0566,2000,
AZT@0.44,greedy_ssm,24,local_ruggedness,1.3034,0.4384,0.9991,0.3042,0.3517,0.1704,1.0604,0.0594,1.0566,2000,
AZT@0.44,greedy_ssm,24,proxy_eov_today,1.3034,0.4384,1.0698,0.2335,0.27,0.1819,0.2793,0.4058,1.0622,2000,
AZT@0.44,greedy_ssm,24,oracle,1.3034,0.4384,1.3034,0.0,0.0,0.0,0.0,1.0,1.2266,2000,
AZT@0.44,greedy_ssm,96,random,1.312,0.7132,1.0555,0.2565,0.4283,0.3953,0.4484,,1.0217,2000,
AZT@0.44,greedy_ssm,96,current_fitness,1.312,0.7132,1.1716,0.1404,0.2344,0.2001,0.34,0.2382,1.157,2000,
AZT@0.44,greedy_ssm,96,known_family_mean,1.312,0.7132,1.1398,0.1722,0.2876,0.2041,0.3599,0.3776,1.1469,2000,
AZT@0.44,greedy_ssm,96,known_family_worst,1.312,0.7132,1.1398,0.1722,0.2876,0.1117,0.3161,0.2819,1.1469,2000,
AZT@0.44,greedy_ssm,96,local_robustness,1.312,0.7132,1.1617,0.1503,0.251,0.212,0.3525,0.4078,1.1022,2000,
AZT@0.44,greedy_ssm,96,neighbor_informative_frac,1.312,0.7132,1.0854,0.2266,0.3784,0.1334,1.1356,0.2185,1.0696,2000,
AZT@0.44,greedy_ssm,96,dist_to_best,1.312,0.7132,1.0854,0.2266,0.3784,0.2293,0.399,0.257,1.0622,2000,
AZT@0.44,greedy_ssm,96,n_better_neighbors,1.312,0.7132,1.117,0.195,0.3257,0.2155,1.3255,0.0299,1.0661,2000,
AZT@0.44,greedy_ssm,96,local_ruggedness,1.312,0.7132,1.117,0.195,0.3257,0.2172,1.3417,0.0534,1.0661,2000,
AZT@0.44,greedy_ssm,96,proxy_eov_today,1.312,0.7132,1.0854,0.2266,0.3784,0.1705,0.399,0.385,1.0622,2000,
AZT@0.44,greedy_ssm,96,oracle,1.312,0.7132,1.312,0.0,0.0,0.0,0.0,1.0,1.2266,2000,
AZT@0.44,greedy_ssm,384,random,1.312,0.7353,1.0713,0.2407,0.4173,0.3839,0.4392,,1.0321,2000,
AZT@0.44,greedy_ssm,384,current_fitness,1.312,0.7353,1.1786,0.1334,0.2313,0.1976,0.346,0.2287,1.157,2000,
AZT@0.44,greedy_ssm,384,known_family_mean,1.312,0.7353,1.1398,0.1722,0.2986,0.1978,0.3364,0.3414,1.1469,2000,
AZT@0.44,greedy_ssm,384,known_family_worst,1.312,0.7353,1.1398,0.1722,0.2986,0.1166,0.3246,0.2602,1.1469,2000,
AZT@0.44,greedy_ssm,384,local_robustness,1.312,0.7353,1.1617,0.1503,0.2606,0.2212,0.3755,0.3855,1.1022,2000,
AZT@0.44,greedy_ssm,384,neighbor_informative_frac,1.312,0.7353,1.0854,0.2266,0.3929,0.1236,1.1712,0.1701,1.0696,2000,
AZT@0.44,greedy_ssm,384,dist_to_best,1.312,0.7353,1.0854,0.2266,0.3929,0.1368,0.4109,0.2261,1.0622,2000,
AZT@0.44,greedy_ssm,384,n_better_neighbors,1.312,0.7353,1.117,0.195,0.3382,0.2162,1.3486,0.039,1.0661,2000,
AZT@0.44,greedy_ssm,384,local_ruggedness,1.312,0.7353,1.117,0.195,0.3382,0.2204,1.3305,0.0545,1.0661,2000,
AZT@0.44,greedy_ssm,384,proxy_eov_today,1.312,0.7353,1.0854,0.2266,0.3929,0.1973,1.1452,0.3299,1.0622,2000,
AZT@0.44,greedy_ssm,384,oracle,1.312,0.7353,1.312,0.0,0.0,0.0,0.0,1.0,1.2617,2000,
AZT@0.44,mlde_ridge,24,random,1.2782,0.9416,1.0838,0.1944,0.5775,0.5183,0.6133,,1.0648,2000,
AZT@0.44,mlde_ridge,24,current_fitness,1.2782,0.9416,1.1397,0.1385,0.4116,0.3526,0.5691,0.1032,1.157,2000,
AZT@0.44,mlde_ridge,24,known_family_mean,1.2782,0.9416,1.1309,0.1473,0.4377,0.3635,0.5664,0.105,1.0535,2000,
AZT@0.44,mlde_ridge,24,known_family_worst,1.2782,0.9416,1.1309,0.1473,0.4377,0.249,0.5195,0.0941,1.0535,2000,
AZT@0.44,mlde_ridge,24,local_robustness,1.2782,0.9416,1.0788,0.1994,0.5924,0.4054,0.64,0.0887,1.1121,2000,
AZT@0.44,mlde_ridge,24,neighbor_informative_frac,1.2782,0.9416,1.1497,0.1285,0.3818,0.2468,1.1432,0.0595,0.9997,2000,
AZT@0.44,mlde_ridge,24,dist_to_best,1.2782,0.9416,1.0427,0.2355,0.6997,0.4675,0.75,0.0053,1.0963,2000,
AZT@0.44,mlde_ridge,24,n_better_neighbors,1.2782,0.9416,1.0572,0.221,0.6566,0.2116,0.9517,0.058,1.0829,2000,
AZT@0.44,mlde_ridge,24,local_ruggedness,1.2782,0.9416,1.0572,0.221,0.6566,0.2068,1.0138,0.0659,1.0829,2000,
AZT@0.44,mlde_ridge,24,proxy_eov_today,1.2782,0.9416,1.158,0.1202,0.3572,0.2815,0.8366,0.0175,1.2266,2000,
AZT@0.44,mlde_ridge,24,oracle,1.2782,0.9416,1.2782,0.0,0.0,0.0,0.0,1.0,1.2689,2000,
AZT@0.44,mlde_ridge,96,random,1.361,1.1334,1.186,0.175,0.7689,0.666,0.7785,,1.1469,2000,
AZT@0.44,mlde_ridge,96,current_fitness,1.361,1.1334,1.1697,0.1913,0.8408,0.3435,0.8536,0.0416,1.1052,2000,
AZT@0.44,mlde_ridge,96,known_family_mean,1.361,1.1334,1.1227,0.2383,1.0472,0.5513,1.0754,-0.0014,1.1287,2000,
AZT@0.44,mlde_ridge,96,known_family_worst,1.361,1.1334,1.1227,0.2383,1.0472,0.4216,1.1035,0.0049,1.1287,2000,
AZT@0.44,mlde_ridge,96,local_robustness,1.361,1.1334,1.1763,0.1847,0.8118,0.7226,0.8988,0.0155,1.1809,2000,
AZT@0.44,mlde_ridge,96,neighbor_informative_frac,1.361,1.1334,1.1474,0.2136,0.9387,0.3146,1.0345,-0.025,1.1117,2000,
AZT@0.44,mlde_ridge,96,dist_to_best,1.361,1.1334,1.1749,0.1861,0.8177,0.5672,1.0394,0.0175,1.1048,2000,
AZT@0.44,mlde_ridge,96,n_better_neighbors,1.361,1.1334,1.191,0.17,0.7471,0.3967,1.0867,0.0277,1.1043,2000,
AZT@0.44,mlde_ridge,96,local_ruggedness,1.361,1.1334,1.191,0.17,0.7471,0.3914,1.0878,0.0236,1.1043,2000,
AZT@0.44,mlde_ridge,96,proxy_eov_today,1.361,1.1334,1.1873,0.1737,0.7632,0.6065,0.7884,0.0345,1.0938,2000,
AZT@0.44,mlde_ridge,96,oracle,1.361,1.1334,1.361,0.0,0.0,0.0,0.0,1.0,1.2617,2000,
AZT@0.44,mlde_ridge,384,random,1.4005,1.217,1.2653,0.1353,0.7368,0.72,0.7495,,1.2075,2000,
AZT@0.44,mlde_ridge,384,current_fitness,1.4005,1.217,1.2054,0.1952,1.0631,0.6417,1.0846,0.0239,1.176,2000,
AZT@0.44,mlde_ridge,384,known_family_mean,1.4005,1.217,1.2705,0.13,0.7082,0.691,1.0763,0.0168,1.1363,2000,
AZT@0.44,mlde_ridge,384,known_family_worst,1.4005,1.217,1.2705,0.13,0.7082,0.691,0.8198,0.0357,1.1363,2000,
AZT@0.44,mlde_ridge,384,local_robustness,1.4005,1.217,1.2587,0.1418,0.7723,0.561,0.8236,0.0214,1.1931,2000,
AZT@0.44,mlde_ridge,384,neighbor_informative_frac,1.4005,1.217,1.2463,0.1543,0.8404,0.403,1.0428,0.006,1.157,2000,
AZT@0.44,mlde_ridge,384,dist_to_best,1.4005,1.217,1.2636,0.1369,0.7459,0.5312,0.8809,-0.0666,1.176,2000,
AZT@0.44,mlde_ridge,384,n_better_neighbors,1.4005,1.217,1.2791,0.1215,0.6617,0.4744,1.051,0.0379,1.2161,2000,
AZT@0.44,mlde_ridge,384,local_ruggedness,1.4005,1.217,1.2791,0.1215,0.6617,0.4694,1.0564,0.0314,1.2161,2000,
AZT@0.44,mlde_ridge,384,proxy_eov_today,1.4005,1.217,1.2538,0.1467,0.7992,0.5764,0.8152,0.0037,1.1466,2000,
AZT@0.44,mlde_ridge,384,oracle,1.4005,1.217,1.4005,0.0,0.0,0.0,0.0,1.0,1.2689,2000,
AZT@36.0,random,24,random,3.0565,0.9692,1.6439,1.4127,0.6768,0.6298,0.6905,,1.6042,2000,
AZT@36.0,random,24,current_fitness,3.0565,0.9692,1.5217,1.5348,0.7353,0.6907,1.0118,-0.0352,1.4,2000,
AZT@36.0,random,24,known_family_mean,3.0565,0.9692,2.3459,0.7106,0.3404,0.2419,0.7512,0.0106,2.6577,2000,
AZT@36.0,random,24,known_family_worst,3.0565,0.9692,2.3459,0.7106,0.3404,0.242,0.9569,-0.0055,2.6577,2000,
AZT@36.0,random,24,local_robustness,3.0565,0.9692,2.6132,0.4434,0.2124,0.0929,0.765,-0.0096,2.679,2000,
AZT@36.0,random,24,neighbor_informative_frac,3.0565,0.9692,1.8455,1.211,0.5802,0.2132,1.0343,0.0253,0.8237,2000,
AZT@36.0,random,24,dist_to_best,3.0565,0.9692,1.4926,1.5639,0.7492,0.2612,0.7716,0.0567,1.1213,2000,
AZT@36.0,random,24,n_better_neighbors,3.0565,0.9692,0.8683,2.1882,1.0483,0.3226,1.0378,-0.0503,0.599,2000,
AZT@36.0,random,24,local_ruggedness,3.0565,0.9692,0.8683,2.1882,1.0483,0.3262,1.0415,-0.0493,0.599,2000,
AZT@36.0,random,24,proxy_eov_today,3.0565,0.9692,1.8498,1.2067,0.5781,0.468,0.7403,-0.0113,3.105,2000,
AZT@36.0,random,24,oracle,3.0565,0.9692,3.0565,0.0,0.0,0.0,0.0,1.0,3.2155,2000,
AZT@36.0,random,96,random,3.1198,1.9278,2.4457,0.6742,0.5655,0.5349,0.5778,,2.419,2000,
AZT@36.0,random,96,current_fitness,3.1198,1.9278,2.3676,0.7522,0.631,0.5019,0.9644,0.0317,1.7211,2000,
AZT@36.0,random,96,known_family_mean,3.1198,1.9278,2.6476,0.4722,0.3961,0.0001,0.9577,0.0486,2.6295,2000,
AZT@36.0,random,96,known_family_worst,3.1198,1.9278,2.6476,0.4722,0.3961,0.0001,0.6062,0.0443,2.6295,2000,
AZT@36.0,random,96,local_robustness,3.1198,1.9278,2.7815,0.3383,0.2838,0.2586,0.6338,0.0465,2.9189,2000,
AZT@36.0,random,96,neighbor_informative_frac,3.1198,1.9278,2.104,1.0158,0.8522,0.1153,1.1139,-0.006,2.7185,2000,
AZT@36.0,random,96,dist_to_best,3.1198,1.9278,2.4535,0.6663,0.5589,0.1678,0.7805,0.0827,2.4199,2000,
AZT@36.0,random,96,n_better_neighbors,3.1198,1.9278,2.0631,1.0567,0.8865,0.1035,0.9838,0.0124,1.7678,2000,
AZT@36.0,random,96,local_ruggedness,3.1198,1.9278,2.0631,1.0567,0.8865,0.1045,0.9745,0.0145,1.7678,2000,
AZT@36.0,random,96,proxy_eov_today,3.1198,1.9278,2.3198,0.8001,0.6712,0.4666,0.7255,-0.0725,2.7372,2000,
AZT@36.0,random,96,oracle,3.1198,1.9278,3.1198,0.0,0.0,0.0,0.0,1.0,3.2358,2000,
AZT@36.0,random,384,random,3.3283,2.7374,2.9354,0.3929,0.6649,0.6197,0.6811,,2.9284,2000,
AZT@36.0,random,384,current_fitness,3.3283,2.7374,2.9779,0.3504,0.593,0.5469,0.8847,0.0318,2.954,2000,
AZT@36.0,random,384,known_family_mean,3.3283,2.7374,2.9551,0.3732,0.6316,0.4664,1.2769,0.0253,3.0255,2000,
AZT@36.0,random,384,known_family_worst,3.3283,2.7374,2.9551,0.3732,0.6316,0.4016,0.8372,0.0394,3.0255,2000,
AZT@36.0,random,384,local_robustness,3.3283,2.7374,2.8534,0.4749,0.8037,0.4595,0.8279,-0.0161,3.0002,2000,
AZT@36.0,random,384,neighbor_informative_frac,3.3283,2.7374,3.0249,0.3034,0.5135,0.3509,1.0951,0.0257,2.9457,2000,
AZT@36.0,random,384,dist_to_best,3.3283,2.7374,2.9444,0.3839,0.6496,0.4983,0.7852,0.0483,2.9405,2000,
AZT@36.0,random,384,n_better_neighbors,3.3283,2.7374,2.9879,0.3404,0.576,0.3969,1.2136,0.0342,2.8402,2000,
AZT@36.0,random,384,local_ruggedness,3.3283,2.7374,2.9879,0.3404,0.576,0.3962,1.2047,0.0354,2.8402,2000,
AZT@36.0,random,384,proxy_eov_today,3.3283,2.7374,2.9171,0.4112,0.6958,0.3718,0.9378,0.0105,2.9142,2000,
AZT@36.0,random,384,oracle,3.3283,2.7374,3.3283,0.0,0.0,0.0,0.0,1.0,3.2358,2000,
AZT@36.0,greedy_ssm,24,random,3.2305,0.7806,1.4563,1.7742,0.7242,0.7073,0.7409,,1.4041,2000,
AZT@36.0,greedy_ssm,24,current_fitness,3.2305,0.7806,2.9777,0.2528,0.1032,0.0707,0.7672,0.2395,2.9318,2000,
AZT@36.0,greedy_ssm,24,known_family_mean,3.2305,0.7806,1.9319,1.2986,0.5301,0.0682,0.6154,0.3271,2.0131,2000,
AZT@36.0,greedy_ssm,24,known_family_worst,3.2305,0.7806,1.9319,1.2986,0.5301,0.0677,0.9568,0.2371,2.0131,2000,
AZT@36.0,greedy_ssm,24,local_robustness,3.2305,0.7806,3.0482,0.1823,0.0744,0.048,0.9949,0.4261,3.0221,2000,
AZT@36.0,greedy_ssm,24,neighbor_informative_frac,3.2305,0.7806,1.3996,1.8309,0.7473,0.0533,1.0101,0.1288,1.0203,2000,
AZT@36.0,greedy_ssm,24,dist_to_best,3.2305,0.7806,3.1037,0.1268,0.0518,0.0332,0.0808,0.2382,3.1305,2000,
AZT@36.0,greedy_ssm,24,n_better_neighbors,3.2305,0.7806,1.1915,2.039,0.8323,0.1038,1.0184,-0.0018,0.8588,2000,
AZT@36.0,greedy_ssm,24,local_ruggedness,3.2305,0.7806,1.1915,2.039,0.8323,0.104,1.0185,0.0126,0.8588,2000,
AZT@36.0,greedy_ssm,24,proxy_eov_today,3.2305,0.7806,3.1037,0.1268,0.0518,0.0333,0.9098,0.3909,3.1305,2000,
AZT@36.0,greedy_ssm,24,oracle,3.2305,0.7806,3.2305,0.0,0.0,0.0,0.0,1.0,3.2358,2000,
AZT@36.0,greedy_ssm,96,random,3.3094,1.072,1.9053,1.4041,0.6275,0.6101,0.6451,,1.8644,2000,
AZT@36.0,greedy_ssm,96,current_fitness,3.3094,1.072,3.012,0.2974,0.1329,0.0944,0.6311,0.2298,3.0221,2000,
AZT@36.0,greedy_ssm,96,known_family_mean,3.3094,1.072,2.9278,0.3815,0.1705,0.1079,0.174,0.3111,3.0072,2000,
AZT@36.0,greedy_ssm,96,known_family_worst,3.3094,1.072,2.9278,0.3815,0.1705,0.1073,0.8012,0.2357,3.0072,2000,
AZT@36.0,greedy_ssm,96,local_robustness,3.3094,1.072,3.0679,0.2415,0.1079,0.0713,0.5328,0.3916,3.0221,2000,
AZT@36.0,greedy_ssm,96,neighbor_informative_frac,3.3094,1.072,1.5625,1.7468,0.7807,0.0684,1.0506,0.1481,1.1018,2000,
AZT@36.0,greedy_ssm,96,dist_to_best,3.3094,1.072,3.1801,0.1292,0.0578,0.0571,0.1109,0.2143,3.1305,2000,
AZT@36.0,greedy_ssm,96,n_better_neighbors,3.3094,1.072,1.949,1.3603,0.608,0.1099,1.0273,-0.0027,1.3081,2000,
AZT@36.0,greedy_ssm,96,local_ruggedness,3.3094,1.072,1.949,1.3603,0.608,0.1097,1.0283,0.0137,1.3081,2000,
AZT@36.0,greedy_ssm,96,proxy_eov_today,3.3094,1.072,3.1801,0.1292,0.0578,0.0571,0.971,0.3412,3.1305,2000,
AZT@36.0,greedy_ssm,96,oracle,3.3094,1.072,3.3094,0.0,0.0,0.0,0.0,1.0,3.2358,2000,
AZT@36.0,greedy_ssm,384,random,3.3094,1.1676,2.2093,1.1001,0.5137,0.497,0.5296,,2.2117,2000,
AZT@36.0,greedy_ssm,384,current_fitness,3.3094,1.1676,3.012,0.2974,0.1389,0.0983,0.6583,0.2203,3.0221,2000,
AZT@36.0,greedy_ssm,384,known_family_mean,3.3094,1.1676,2.9278,0.3815,0.1781,0.1133,0.1829,0.2683,3.0072,2000,
AZT@36.0,greedy_ssm,384,known_family_worst,3.3094,1.1676,2.9278,0.3815,0.1781,0.1116,1.01,0.2061,3.0072,2000,
AZT@36.0,greedy_ssm,384,local_robustness,3.3094,1.1676,3.0679,0.2415,0.1127,0.0746,0.5566,0.3766,3.0221,2000,
AZT@36.0,greedy_ssm,384,neighbor_informative_frac,3.3094,1.1676,1.7161,1.5933,0.7439,0.0718,1.0228,0.1662,1.1018,2000,
AZT@36.0,greedy_ssm,384,dist_to_best,3.3094,1.1676,3.1801,0.1292,0.0603,0.0593,0.1162,0.2125,3.1305,2000,
AZT@36.0,greedy_ssm,384,n_better_neighbors,3.3094,1.1676,1.8612,1.4482,0.6762,0.1242,1.0556,0.0057,1.3081,2000,
AZT@36.0,greedy_ssm,384,local_ruggedness,3.3094,1.1676,1.8612,1.4482,0.6762,0.1138,1.0571,0.022,1.3081,2000,
AZT@36.0,greedy_ssm,384,proxy_eov_today,3.3094,1.1676,3.1801,0.1292,0.0603,0.0594,0.9348,0.2954,3.1305,2000,
AZT@36.0,greedy_ssm,384,oracle,3.3094,1.1676,3.3094,0.0,0.0,0.0,0.0,1.0,3.2358,2000,
AZT@36.0,mlde_ridge,24,random,3.1581,0.95,1.6891,1.469,0.6653,0.6434,0.6779,,1.6488,2000,
AZT@36.0,mlde_ridge,24,current_fitness,3.1581,0.95,2.3652,0.7929,0.3591,0.3242,0.924,0.0493,2.7884,2000,
AZT@36.0,mlde_ridge,24,known_family_mean,3.1581,0.95,3.0433,0.1148,0.052,0.0,0.5887,0.0633,2.9868,2000,
AZT@36.0,mlde_ridge,24,known_family_worst,3.1581,0.95,3.0433,0.1148,0.052,0.0,0.7292,0.06,2.9868,2000,
AZT@36.0,mlde_ridge,24,local_robustness,3.1581,0.95,2.7022,0.4559,0.2065,0.1634,0.9105,0.0232,2.679,2000,
AZT@36.0,mlde_ridge,24,neighbor_informative_frac,3.1581,0.95,2.1595,0.9987,0.4523,0.1386,1.0486,-0.0199,2.8762,2000,
AZT@36.0,mlde_ridge,24,dist_to_best,3.1581,0.95,1.396,1.7621,0.798,0.1059,0.8112,0.0308,1.6661,2000,
AZT@36.0,mlde_ridge,24,n_better_neighbors,3.1581,0.95,2.1834,0.9747,0.4414,0.204,1.0449,0.0399,2.4464,2000,
AZT@36.0,mlde_ridge,24,local_ruggedness,3.1581,0.95,2.1834,0.9747,0.4414,0.2035,1.0452,0.0345,2.4464,2000,
AZT@36.0,mlde_ridge,24,proxy_eov_today,3.1581,0.95,1.107,2.0511,0.9289,0.6729,0.9624,-0.0396,0.7678,2000,
AZT@36.0,mlde_ridge,24,oracle,3.1581,0.95,3.1581,0.0,0.0,0.0,0.0,1.0,3.2358,2000,
AZT@36.0,mlde_ridge,96,random,3.3124,1.9057,2.6238,0.6886,0.4895,0.4589,0.5039,,2.638,2000,
AZT@36.0,mlde_ridge,96,current_fitness,3.3124,1.9057,3.0668,0.2456,0.1746,0.1177,0.5524,0.0282,3.0255,2000,
AZT@36.0,mlde_ridge,96,known_family_mean,3.3124,1.9057,2.8141,0.4983,0.3542,0.1482,0.703,0.0425,2.2194,2000,
AZT@36.0,mlde_ridge,96,known_family_worst,3.3124,1.9057,2.8141,0.4983,0.3542,0.3196,0.5904,0.052,2.2194,2000,
AZT@36.0,mlde_ridge,96,local_robustness,3.3124,1.9057,3.159,0.1534,0.1091,0.067,0.9854,0.0859,3.0001,2000,
AZT@36.0,mlde_ridge,96,neighbor_informative_frac,3.3124,1.9057,2.5392,0.7732,0.5497,0.0708,1.0683,0.034,2.7575,2000,
AZT@36.0,mlde_ridge,96,dist_to_best,3.3124,1.9057,2.5161,0.7963,0.5661,0.03,0.5808,0.0709,3.2358,2000,
AZT@36.0,mlde_ridge,96,n_better_neighbors,3.3124,1.9057,2.1228,1.1896,0.8457,0.1196,0.9886,-0.0421,2.9201,2000,
AZT@36.0,mlde_ridge,96,local_ruggedness,3.3124,1.9057,2.1228,1.1896,0.8457,0.1193,1.3921,-0.0351,2.9201,2000,
AZT@36.0,mlde_ridge,96,proxy_eov_today,3.3124,1.9057,3.044,0.2684,0.1908,0.0691,0.4713,-0.0091,3.1146,2000,
AZT@36.0,mlde_ridge,96,oracle,3.3124,1.9057,3.3124,0.0,0.0,0.0,0.0,1.0,3.2358,2000,
AZT@36.0,mlde_ridge,384,random,3.4568,3.1673,3.2467,0.2101,0.7259,0.6582,0.7432,,3.1958,2000,
AZT@36.0,mlde_ridge,384,current_fitness,3.4568,3.1673,3.2148,0.242,0.836,0.6509,0.9839,-0.0631,3.2155,2000,
AZT@36.0,mlde_ridge,384,known_family_mean,3.4568,3.1673,3.2184,0.2384,0.8235,0.642,0.8525,-0.0214,3.2155,2000,
AZT@36.0,mlde_ridge,384,known_family_worst,3.4568,3.1673,3.2184,0.2384,0.8235,0.5359,0.8513,-0.023,3.2155,2000,
AZT@36.0,mlde_ridge,384,local_robustness,3.4568,3.1673,3.1917,0.2651,0.9158,0.5737,0.9429,-0.0118,3.103,2000,
AZT@36.0,mlde_ridge,384,neighbor_informative_frac,3.4568,3.1673,3.2173,0.2395,0.8274,0.4248,1.2377,-0.0046,3.2358,2000,
AZT@36.0,mlde_ridge,384,dist_to_best,3.4568,3.1673,3.2739,0.1829,0.6316,0.5087,0.8326,0.0116,3.2358,2000,
AZT@36.0,mlde_ridge,384,n_better_neighbors,3.4568,3.1673,3.2812,0.1756,0.6066,0.4006,1.2286,-0.0764,3.0809,2000,
AZT@36.0,mlde_ridge,384,local_ruggedness,3.4568,3.1673,3.2812,0.1756,0.6066,0.4056,1.0155,-0.074,3.0809,2000,
AZT@36.0,mlde_ridge,384,proxy_eov_today,3.4568,3.1673,3.1806,0.2762,0.954,0.4794,0.9805,0.041,3.2268,2000,
AZT@36.0,mlde_ridge,384,oracle,3.4568,3.1673,3.4568,0.0,0.0,0.0,0.0,1.0,3.2358,2000,
