dataset,group,task_A,task_B,policy,budget,n,rho_rank,regret_A_to_B,regret_B_to_A,beta,r2,iqr_ratio
Phillips2023_HA_CH65,within_task,MA90@default,SI06@default,random,24,446,0.0509,0.2705,0.8742,0.0627,0.0039,1.0021
Phillips2023_HA_CH65,within_task,MA90@default,SI06@default,random,96,446,0.0684,0.6227,0.7317,0.0755,0.0057,0.9297
Phillips2023_HA_CH65,within_task,MA90@default,SI06@default,random,384,446,0.0395,0.6222,0.9288,0.0016,0.0,1.3593
Phillips2023_HA_CH65,within_task,MA90@default,SI06@default,greedy_ssm,24,446,0.2366,0.4523,0.4769,0.2149,0.0462,1.5358
Phillips2023_HA_CH65,within_task,MA90@default,SI06@default,greedy_ssm,96,446,0.4214,0.4723,0.5962,0.3343,0.1118,1.9628
Phillips2023_HA_CH65,within_task,MA90@default,SI06@default,greedy_ssm,384,446,0.3955,0.4723,0.5962,0.3223,0.1039,1.9762
Phillips2023_HA_CH65,within_task,MA90@default,SI06@default,mlde_ridge,24,446,0.0052,0.1499,0.7938,0.0149,0.0002,1.1117
Phillips2023_HA_CH65,within_task,MA90@default,SI06@default,mlde_ridge,96,446,0.0397,0.9178,0.6268,0.0427,0.0018,1.5578
Phillips2023_HA_CH65,within_task,MA90@default,SI06@default,mlde_ridge,384,446,-0.0172,0.1209,0.9866,-0.017,0.0003,
Phillips2023_HA_CH65,within_task,MA90@default,G189E@default,random,24,815,0.015,0.5069,0.4825,0.027,0.0007,0.8822
Phillips2023_HA_CH65,within_task,MA90@default,G189E@default,random,96,815,-0.0268,0.8956,0.8606,-0.0369,0.0014,1.0625
Phillips2023_HA_CH65,within_task,MA90@default,G189E@default,random,384,815,0.001,0.9886,0.8996,-0.006,0.0,0.8543
Phillips2023_HA_CH65,within_task,MA90@default,G189E@default,greedy_ssm,24,815,0.5356,0.5359,0.5239,0.5122,0.2624,0.9923
Phillips2023_HA_CH65,within_task,MA90@default,G189E@default,greedy_ssm,96,815,0.7104,0.6934,0.4843,0.6279,0.3943,1.2436
Phillips2023_HA_CH65,within_task,MA90@default,G189E@default,greedy_ssm,384,815,0.699,0.694,0.4843,0.6212,0.3859,1.2857
Phillips2023_HA_CH65,within_task,MA90@default,G189E@default,mlde_ridge,24,815,-0.0254,0.9428,0.752,-0.0623,0.0039,0.9404
Phillips2023_HA_CH65,within_task,MA90@default,G189E@default,mlde_ridge,96,815,0.0062,0.9036,0.6721,-0.0293,0.0009,1.1879
Phillips2023_HA_CH65,within_task,MA90@default,G189E@default,mlde_ridge,384,815,-0.0079,0.9614,0.9979,0.0144,0.0002,
Phillips2023_HA_CH65,within_task,SI06@default,G189E@default,random,24,446,0.0333,0.806,0.5862,0.0063,0.0,0.8386
Phillips2023_HA_CH65,within_task,SI06@default,G189E@default,random,96,446,-0.0018,0.7002,0.876,-0.0198,0.0004,1.142
Phillips2023_HA_CH65,within_task,SI06@default,G189E@default,random,384,446,-0.0266,0.8476,0.3865,-0.032,0.001,0.6431
Phillips2023_HA_CH65,within_task,SI06@default,G189E@default,greedy_ssm,24,446,0.2702,0.6116,0.2595,0.2618,0.0685,0.6698
Phillips2023_HA_CH65,within_task,SI06@default,G189E@default,greedy_ssm,96,446,0.1658,0.6607,0.6149,0.1791,0.0321,0.7746
Phillips2023_HA_CH65,within_task,SI06@default,G189E@default,greedy_ssm,384,446,0.1694,0.6613,0.6149,0.1763,0.0311,0.7635
Phillips2023_HA_CH65,within_task,SI06@default,G189E@default,mlde_ridge,24,446,0.0549,0.7042,0.0879,0.0678,0.0046,0.84
Phillips2023_HA_CH65,within_task,SI06@default,G189E@default,mlde_ridge,96,446,-0.0421,0.9319,0.943,-0.0381,0.0014,0.815
Phillips2023_HA_CH65,within_task,SI06@default,G189E@default,mlde_ridge,384,446,-0.0251,0.9614,1.0,-0.0635,0.004,0.0
TEM-1CML,within_AMP,AMP@0.0,AMP@3.1,random,24,1000,-0.0106,0.5382,0.897,-0.0104,0.0001,1.1606
TEM-1CML,within_AMP,AMP@0.0,AMP@3.1,random,96,1000,-0.0432,0.7688,0.87,-0.0347,0.0012,0.9154
TEM-1CML,within_AMP,AMP@0.0,AMP@3.1,random,384,1000,0.0685,0.8413,0.435,0.0569,0.0032,1.3455
TEM-1CML,within_AMP,AMP@0.0,AMP@3.1,greedy_ssm,24,1000,0.1054,1.0635,0.8771,0.1159,0.0134,1.2583
TEM-1CML,within_AMP,AMP@0.0,AMP@3.1,greedy_ssm,96,1000,0.1547,0.9239,0.595,0.1722,0.0296,1.2219
TEM-1CML,within_AMP,AMP@0.0,AMP@3.1,greedy_ssm,384,1000,0.1168,0.8492,0.6754,0.0955,0.0091,1.0382
TEM-1CML,within_AMP,AMP@0.0,AMP@3.1,mlde_ridge,24,1000,0.0522,0.5765,0.808,0.0722,0.0052,1.0534
TEM-1CML,within_AMP,AMP@0.0,AMP@3.1,mlde_ridge,96,1000,-0.0113,0.872,0.9402,-0.0053,0.0,0.8917
TEM-1CML,within_AMP,AMP@0.0,AMP@3.1,mlde_ridge,384,1000,0.0135,0.8688,0.6495,0.0202,0.0004,0.7605
TEM-1CML,within_AMP,AMP@0.0,AMP@12.2,random,24,1000,0.0321,0.7478,0.7278,0.0158,0.0003,1.2024
TEM-1CML,within_AMP,AMP@0.0,AMP@12.2,random,96,1000,0.0761,0.6329,0.7092,0.0542,0.0029,0.8733
TEM-1CML,within_AMP,AMP@0.0,AMP@12.2,random,384,1000,-0.0128,1.0115,0.637,-0.0175,0.0003,0.9468
TEM-1CML,within_AMP,AMP@0.0,AMP@12.2,greedy_ssm,24,1000,0.1117,1.1368,0.8128,0.0618,0.0038,1.0178
TEM-1CML,within_AMP,AMP@0.0,AMP@12.2,greedy_ssm,96,1000,0.074,1.0054,0.881,0.0708,0.005,0.9508
TEM-1CML,within_AMP,AMP@0.0,AMP@12.2,greedy_ssm,384,1000,0.0033,0.717,0.9051,0.0127,0.0002,0.8751
TEM-1CML,within_AMP,AMP@0.0,AMP@12.2,mlde_ridge,24,1000,0.0669,0.8457,0.8554,0.0111,0.0001,1.0573
TEM-1CML,within_AMP,AMP@0.0,AMP@12.2,mlde_ridge,96,1000,0.0218,0.7397,0.8335,0.0314,0.001,1.1829
TEM-1CML,within_AMP,AMP@0.0,AMP@12.2,mlde_ridge,384,1000,-0.0071,0.6698,0.9337,-0.0053,0.0,0.989
TEM-1CML,within_AMP,AMP@0.0,AMP@48.8,random,24,1000,0.0311,0.8223,0.8325,0.0081,0.0001,1.2497
TEM-1CML,within_AMP,AMP@0.0,AMP@48.8,random,96,1000,0.0266,0.7382,0.8998,0.0363,0.0013,0.8749
TEM-1CML,within_AMP,AMP@0.0,AMP@48.8,random,384,1000,0.0436,0.8052,0.7621,0.024,0.0006,1.1099
TEM-1CML,within_AMP,AMP@0.0,AMP@48.8,greedy_ssm,24,1000,-0.0167,0.9975,0.8063,-0.0403,0.0016,0.4414
TEM-1CML,within_AMP,AMP@0.0,AMP@48.8,greedy_ssm,96,1000,-0.08,0.99,0.874,-0.0556,0.0031,0.9989
TEM-1CML,within_AMP,AMP@0.0,AMP@48.8,greedy_ssm,384,1000,-0.0498,0.7414,0.444,-0.0331,0.0011,0.8937
TEM-1CML,within_AMP,AMP@0.0,AMP@48.8,mlde_ridge,24,1000,-0.0757,0.548,0.9052,-0.1042,0.0109,1.2121
TEM-1CML,within_AMP,AMP@0.0,AMP@48.8,mlde_ridge,96,1000,0.0103,0.8679,0.6372,0.0308,0.0009,1.0623
TEM-1CML,within_AMP,AMP@0.0,AMP@48.8,mlde_ridge,384,1000,0.0373,0.7681,1.0724,0.0081,0.0001,0.1747
TEM-1CML,within_AMP,AMP@0.0,AMP@195.0,random,24,1000,-0.0098,0.3382,1.0353,0.0141,0.0002,1.0557
TEM-1CML,within_AMP,AMP@0.0,AMP@195.0,random,96,1000,-0.0178,0.9243,0.9836,-0.026,0.0007,0.9275
TEM-1CML,within_AMP,AMP@0.0,AMP@195.0,random,384,1000,0.0183,0.7132,0.6966,0.0217,0.0005,1.1842
TEM-1CML,within_AMP,AMP@0.0,AMP@195.0,greedy_ssm,24,1000,-0.0875,0.9058,0.9897,-0.1135,0.0129,0.7103
TEM-1CML,within_AMP,AMP@0.0,AMP@195.0,greedy_ssm,96,1000,-0.1159,0.6497,0.684,-0.1172,0.0137,0.506
TEM-1CML,within_AMP,AMP@0.0,AMP@195.0,greedy_ssm,384,1000,-0.0585,1.3676,0.6817,-0.0334,0.0011,0.422
TEM-1CML,within_AMP,AMP@0.0,AMP@195.0,mlde_ridge,24,1000,0.0367,0.6201,0.8284,-0.0171,0.0003,0.9592
TEM-1CML,within_AMP,AMP@0.0,AMP@195.0,mlde_ridge,96,1000,-0.0046,0.8843,0.7347,-0.0138,0.0002,1.2751
TEM-1CML,within_AMP,AMP@0.0,AMP@195.0,mlde_ridge,384,1000,-0.0164,0.9822,0.9784,-0.0515,0.0027,0.0
TEM-1CML,within_AMP,AMP@0.0,AMP@781.0,random,24,1000,0.0236,0.778,0.8315,0.0247,0.0006,1.0764
TEM-1CML,within_AMP,AMP@0.0,AMP@781.0,random,96,1000,0.0421,0.546,0.5831,0.0528,0.0028,0.7781
TEM-1CML,within_AMP,AMP@0.0,AMP@781.0,random,384,1000,-0.0121,0.6463,0.7398,0.0056,0.0,1.3921
TEM-1CML,within_AMP,AMP@0.0,AMP@781.0,greedy_ssm,24,1000,-0.0377,0.6344,0.9132,-0.0577,0.0033,2.2509
TEM-1CML,within_AMP,AMP@0.0,AMP@781.0,greedy_ssm,96,1000,-0.1273,0.9962,0.8752,-0.1245,0.0155,0.9768
TEM-1CML,within_AMP,AMP@0.0,AMP@781.0,greedy_ssm,384,1000,-0.1013,0.7852,0.8187,-0.0708,0.005,0.3468
TEM-1CML,within_AMP,AMP@0.0,AMP@781.0,mlde_ridge,24,1000,0.0296,0.2284,0.957,0.0277,0.0008,0.5956
TEM-1CML,within_AMP,AMP@0.0,AMP@781.0,mlde_ridge,96,1000,-0.004,0.0622,0.8653,0.019,0.0004,0.8678
TEM-1CML,within_AMP,AMP@0.0,AMP@781.0,mlde_ridge,384,1000,0.0363,0.5871,0.7097,0.0225,0.0005,1.2691
TEM-1CML,within_AMP,AMP@3.1,AMP@12.2,random,24,1000,-0.0444,0.6279,0.6871,-0.0362,0.0013,1.036
TEM-1CML,within_AMP,AMP@3.1,AMP@12.2,random,96,1000,0.0193,0.2028,1.0043,0.0257,0.0007,0.954
TEM-1CML,within_AMP,AMP@3.1,AMP@12.2,random,384,1000,0.022,0.9291,1.0201,0.0111,0.0001,0.7037
TEM-1CML,within_AMP,AMP@3.1,AMP@12.2,greedy_ssm,24,1000,0.1945,0.814,0.8852,0.1807,0.0327,0.8089
TEM-1CML,within_AMP,AMP@3.1,AMP@12.2,greedy_ssm,96,1000,0.1375,0.8343,0.9729,0.1436,0.0206,0.7782
TEM-1CML,within_AMP,AMP@3.1,AMP@12.2,greedy_ssm,384,1000,0.0928,0.8407,0.9879,0.0844,0.0071,0.8429
TEM-1CML,within_AMP,AMP@3.1,AMP@12.2,mlde_ridge,24,1000,0.0903,0.7399,0.6615,0.1099,0.0121,1.0038
TEM-1CML,within_AMP,AMP@3.1,AMP@12.2,mlde_ridge,96,1000,-0.0345,0.5726,0.9575,-0.0077,0.0001,1.3266
TEM-1CML,within_AMP,AMP@3.1,AMP@12.2,mlde_ridge,384,1000,0.0015,0.6698,0.9279,-0.0058,0.0,1.3005
TEM-1CML,within_AMP,AMP@3.1,AMP@48.8,random,24,1000,0.0085,0.8485,1.0398,-0.0005,0.0,1.0768
TEM-1CML,within_AMP,AMP@3.1,AMP@48.8,random,96,1000,-0.0044,0.8961,0.8903,-0.0124,0.0002,0.9558
TEM-1CML,within_AMP,AMP@3.1,AMP@48.8,random,384,1000,-0.0203,1.0275,0.3115,0.023,0.0005,0.8249
TEM-1CML,within_AMP,AMP@3.1,AMP@48.8,greedy_ssm,24,1000,0.1352,0.5297,0.9269,0.1479,0.0219,0.3508
TEM-1CML,within_AMP,AMP@3.1,AMP@48.8,greedy_ssm,96,1000,0.0855,0.9276,1.0124,0.1136,0.0129,0.8175
TEM-1CML,within_AMP,AMP@3.1,AMP@48.8,greedy_ssm,384,1000,0.1246,0.9114,1.0298,0.1305,0.017,0.8608
TEM-1CML,within_AMP,AMP@3.1,AMP@48.8,mlde_ridge,24,1000,0.0082,0.7825,0.791,-0.0116,0.0001,1.1507
TEM-1CML,within_AMP,AMP@3.1,AMP@48.8,mlde_ridge,96,1000,-0.0391,0.949,0.7076,-0.0444,0.002,1.1914
TEM-1CML,within_AMP,AMP@3.1,AMP@48.8,mlde_ridge,384,1000,-0.0292,0.7681,0.9143,-0.0244,0.0006,0.2298
TEM-1CML,within_AMP,AMP@3.1,AMP@195.0,random,24,1000,-0.0392,0.3849,0.8325,-0.0398,0.0016,0.9096
TEM-1CML,within_AMP,AMP@3.1,AMP@195.0,random,96,1000,-0.0398,1.0356,0.8473,-0.0305,0.0009,1.0132
TEM-1CML,within_AMP,AMP@3.1,AMP@195.0,random,384,1000,-0.0029,0.9703,0.8586,-0.0219,0.0005,0.8801
TEM-1CML,within_AMP,AMP@3.1,AMP@195.0,greedy_ssm,24,1000,0.0488,0.1616,0.9139,0.0926,0.0086,0.5645
TEM-1CML,within_AMP,AMP@3.1,AMP@195.0,greedy_ssm,96,1000,0.0542,0.2665,0.8377,0.0645,0.0042,0.4141
TEM-1CML,within_AMP,AMP@3.1,AMP@195.0,greedy_ssm,384,1000,0.0776,0.438,1.014,0.0752,0.0057,0.4064
TEM-1CML,within_AMP,AMP@3.1,AMP@195.0,mlde_ridge,24,1000,-0.0733,0.5635,0.7443,-0.0573,0.0033,0.9106
TEM-1CML,within_AMP,AMP@3.1,AMP@195.0,mlde_ridge,96,1000,0.0489,0.7111,1.0081,0.0279,0.0008,1.43
TEM-1CML,within_AMP,AMP@3.1,AMP@195.0,mlde_ridge,384,1000,-0.0076,1.2022,0.7759,-0.0223,0.0005,0.0
TEM-1CML,within_AMP,AMP@3.1,AMP@781.0,random,24,1000,-0.0075,0.6154,0.8799,-0.0308,0.0009,0.9274
TEM-1CML,within_AMP,AMP@3.1,AMP@781.0,random,96,1000,-0.0225,0.4742,0.9399,-0.0017,0.0,0.85
TEM-1CML,within_AMP,AMP@3.1,AMP@781.0,random,384,1000,-0.0576,0.8307,0.863,-0.033,0.0011,1.0347
TEM-1CML,within_AMP,AMP@3.1,AMP@781.0,greedy_ssm,24,1000,0.0356,0.2713,0.8196,0.0688,0.0047,1.7889
TEM-1CML,within_AMP,AMP@3.1,AMP@781.0,greedy_ssm,96,1000,0.0212,0.9051,0.8512,0.0377,0.0014,0.7994
TEM-1CML,within_AMP,AMP@3.1,AMP@781.0,greedy_ssm,384,1000,0.0174,0.1234,0.7378,0.0618,0.0038,0.334
TEM-1CML,within_AMP,AMP@3.1,AMP@781.0,mlde_ridge,24,1000,0.0493,0.0597,0.7209,0.0506,0.0026,0.5655
TEM-1CML,within_AMP,AMP@3.1,AMP@781.0,mlde_ridge,96,1000,0.0105,0.4162,0.8361,0.0145,0.0002,0.9732
TEM-1CML,within_AMP,AMP@3.1,AMP@781.0,mlde_ridge,384,1000,0.0193,0.3839,0.7123,0.0203,0.0004,1.6688
TEM-1CML,within_AMP,AMP@12.2,AMP@48.8,random,24,1000,0.0312,0.782,0.8371,0.0099,0.0001,1.0394
TEM-1CML,within_AMP,AMP@12.2,AMP@48.8,random,96,1000,-0.0082,0.8949,0.8221,-0.0259,0.0007,1.0019
TEM-1CML,within_AMP,AMP@12.2,AMP@48.8,random,384,1000,0.0277,0.9178,0.3332,-0.0117,0.0001,1.1722
TEM-1CML,within_AMP,AMP@12.2,AMP@48.8,greedy_ssm,24,1000,0.2297,0.5633,0.7209,0.3374,0.1138,0.4337
TEM-1CML,within_AMP,AMP@12.2,AMP@48.8,greedy_ssm,96,1000,0.1504,0.8069,0.2769,0.1927,0.0371,1.0506
TEM-1CML,within_AMP,AMP@12.2,AMP@48.8,greedy_ssm,384,1000,0.1835,0.82,0.2836,0.2034,0.0414,1.0212
TEM-1CML,within_AMP,AMP@12.2,AMP@48.8,mlde_ridge,24,1000,0.0207,0.8117,0.7975,-0.0058,0.0,1.1464
TEM-1CML,within_AMP,AMP@12.2,AMP@48.8,mlde_ridge,96,1000,-0.0315,0.9419,0.9714,-0.0444,0.002,0.898
TEM-1CML,within_AMP,AMP@12.2,AMP@48.8,mlde_ridge,384,1000,0.015,0.7681,1.0115,0.0227,0.0005,0.1767
TEM-1CML,within_AMP,AMP@12.2,AMP@195.0,random,24,1000,0.0007,0.7245,0.7141,-0.0094,0.0001,0.878
TEM-1CML,within_AMP,AMP@12.2,AMP@195.0,random,96,1000,-0.0642,0.8841,0.6304,-0.0411,0.0017,1.0621
TEM-1CML,within_AMP,AMP@12.2,AMP@195.0,random,384,1000,-0.0153,0.6454,0.6895,0.0131,0.0002,1.2507
TEM-1CML,within_AMP,AMP@12.2,AMP@195.0,greedy_ssm,24,1000,0.2044,0.3791,0.425,0.2466,0.0608,0.6979
TEM-1CML,within_AMP,AMP@12.2,AMP@195.0,greedy_ssm,96,1000,0.097,0.2412,0.8643,0.1077,0.0116,0.5322
TEM-1CML,within_AMP,AMP@12.2,AMP@195.0,greedy_ssm,384,1000,0.1138,0.4602,0.7429,0.13,0.0169,0.4822
TEM-1CML,within_AMP,AMP@12.2,AMP@195.0,mlde_ridge,24,1000,-0.0278,0.8746,0.7787,-0.0517,0.0027,0.9072
TEM-1CML,within_AMP,AMP@12.2,AMP@195.0,mlde_ridge,96,1000,-0.0016,0.7239,0.9327,-0.0209,0.0004,1.078
TEM-1CML,within_AMP,AMP@12.2,AMP@195.0,mlde_ridge,384,1000,0.013,0.9822,0.8435,0.029,0.0008,0.0
TEM-1CML,within_AMP,AMP@12.2,AMP@781.0,random,24,1000,-0.0123,0.3138,0.8457,-0.0016,0.0,0.8952
TEM-1CML,within_AMP,AMP@12.2,AMP@781.0,random,96,1000,0.0186,0.6364,0.957,-0.0263,0.0007,0.891
TEM-1CML,within_AMP,AMP@12.2,AMP@781.0,random,384,1000,0.0468,0.8895,0.7091,0.0339,0.0012,1.4703
TEM-1CML,within_AMP,AMP@12.2,AMP@781.0,greedy_ssm,24,1000,0.2002,0.9399,0.7869,0.2058,0.0424,2.2115
TEM-1CML,within_AMP,AMP@12.2,AMP@781.0,greedy_ssm,96,1000,0.1096,0.2319,0.8758,0.1248,0.0156,1.0273
TEM-1CML,within_AMP,AMP@12.2,AMP@781.0,greedy_ssm,384,1000,0.1424,0.1523,0.8969,0.1417,0.0201,0.3963
TEM-1CML,within_AMP,AMP@12.2,AMP@781.0,mlde_ridge,24,1000,-0.0001,0.1033,0.862,0.0383,0.0015,0.5633
TEM-1CML,within_AMP,AMP@12.2,AMP@781.0,mlde_ridge,96,1000,0.0099,0.4851,0.8998,0.0133,0.0002,0.7336
TEM-1CML,within_AMP,AMP@12.2,AMP@781.0,mlde_ridge,384,1000,0.024,0.3839,0.9269,0.0183,0.0003,1.2831
TEM-1CML,within_AMP,AMP@48.8,AMP@195.0,random,24,1000,-0.0089,1.1311,0.8029,-0.0337,0.0011,0.8448
TEM-1CML,within_AMP,AMP@48.8,AMP@195.0,random,96,1000,0.0721,0.8674,0.8931,0.0758,0.0057,1.0601
TEM-1CML,within_AMP,AMP@48.8,AMP@195.0,random,384,1000,0.0237,0.7569,0.8916,0.0327,0.0011,1.067
TEM-1CML,within_AMP,AMP@48.8,AMP@195.0,greedy_ssm,24,1000,0.3562,1.0731,0.4481,0.3907,0.1527,1.6091
TEM-1CML,within_AMP,AMP@48.8,AMP@195.0,greedy_ssm,96,1000,0.2758,0.415,0.7842,0.3535,0.1249,0.5066
TEM-1CML,within_AMP,AMP@48.8,AMP@195.0,greedy_ssm,384,1000,0.2363,0.5839,0.8338,0.3268,0.1068,0.4722
TEM-1CML,within_AMP,AMP@48.8,AMP@195.0,mlde_ridge,24,1000,0.0044,0.4827,0.7589,0.0316,0.001,0.7913
TEM-1CML,within_AMP,AMP@48.8,AMP@195.0,mlde_ridge,96,1000,0.0349,0.7111,0.8488,0.0267,0.0007,1.2003
TEM-1CML,within_AMP,AMP@48.8,AMP@195.0,mlde_ridge,384,1000,-0.0621,0.9822,0.891,-0.0073,0.0001,0.0
TEM-1CML,within_AMP,AMP@48.8,AMP@781.0,random,24,1000,-0.0606,0.9843,0.7129,-0.0748,0.0056,0.8613
TEM-1CML,within_AMP,AMP@48.8,AMP@781.0,random,96,1000,0.0317,0.425,0.9352,0.0306,0.0009,0.8894
TEM-1CML,within_AMP,AMP@48.8,AMP@781.0,random,384,1000,0.0367,0.6896,0.7006,0.0277,0.0008,1.2543
TEM-1CML,within_AMP,AMP@48.8,AMP@781.0,greedy_ssm,24,1000,0.2827,0.9503,0.3244,0.3,0.09,5.0992
TEM-1CML,within_AMP,AMP@48.8,AMP@781.0,greedy_ssm,96,1000,0.1979,0.9245,0.656,0.216,0.0467,0.9778
TEM-1CML,within_AMP,AMP@48.8,AMP@781.0,greedy_ssm,384,1000,0.2059,0.1917,0.6667,0.2176,0.0474,0.3881
TEM-1CML,within_AMP,AMP@48.8,AMP@781.0,mlde_ridge,24,1000,0.0137,0.6088,0.5341,0.0338,0.0011,0.4914
TEM-1CML,within_AMP,AMP@48.8,AMP@781.0,mlde_ridge,96,1000,-0.0123,0.6904,0.6817,-0.0166,0.0003,0.8169
TEM-1CML,within_AMP,AMP@48.8,AMP@781.0,mlde_ridge,384,1000,0.0026,0.3839,1.0,0.0003,0.0,7.263
TEM-1CML,within_AMP,AMP@195.0,AMP@781.0,random,24,1000,-0.0085,1.1055,0.5768,-0.0316,0.001,1.0196
TEM-1CML,within_AMP,AMP@195.0,AMP@781.0,random,96,1000,-0.0362,0.8532,0.6434,-0.016,0.0003,0.839
TEM-1CML,within_AMP,AMP@195.0,AMP@781.0,random,384,1000,-0.022,0.2979,1.0271,0.0104,0.0001,1.1756
TEM-1CML,within_AMP,AMP@195.0,AMP@781.0,greedy_ssm,24,1000,0.4901,0.0618,0.1497,0.4397,0.1933,3.1689
TEM-1CML,within_AMP,AMP@195.0,AMP@781.0,greedy_ssm,96,1000,0.374,0.1728,0.3322,0.3385,0.1146,1.9303
TEM-1CML,within_AMP,AMP@195.0,AMP@781.0,greedy_ssm,384,1000,0.3361,0.1503,0.4372,0.3075,0.0946,0.8219
TEM-1CML,within_AMP,AMP@195.0,AMP@781.0,mlde_ridge,24,1000,0.0014,0.1096,0.7548,-0.0131,0.0002,0.621
TEM-1CML,within_AMP,AMP@195.0,AMP@781.0,mlde_ridge,96,1000,-0.0098,0.3338,0.8558,0.0195,0.0004,0.6806
TEM-1CML,within_AMP,AMP@195.0,AMP@781.0,mlde_ridge,384,1000,0.0065,0.3839,1.0,0.0082,0.0001,
TEM-1CML,cross_drug,AMP@781.0,AZT@0.44,random,24,1000,0.015,1.1267,0.4627,-0.0103,0.0001,0.7935
TEM-1CML,cross_drug,AMP@781.0,AZT@0.44,random,96,1000,0.0288,0.8974,0.8314,0.0186,0.0003,0.9492
TEM-1CML,cross_drug,AMP@781.0,AZT@0.44,random,384,1000,-0.0625,0.8906,1.0835,-0.0404,0.0016,1.048
TEM-1CML,cross_drug,AMP@781.0,AZT@0.44,greedy_ssm,24,1000,0.4058,0.27,0.5844,0.3707,0.1375,0.7721
TEM-1CML,cross_drug,AMP@781.0,AZT@0.44,greedy_ssm,96,1000,0.385,0.3784,0.3296,0.3253,0.1058,0.5168
TEM-1CML,cross_drug,AMP@781.0,AZT@0.44,greedy_ssm,384,1000,0.3299,0.3929,0.2938,0.2591,0.0671,0.4705
TEM-1CML,cross_drug,AMP@781.0,AZT@0.44,mlde_ridge,24,1000,0.0175,0.3572,0.465,0.074,0.0055,0.5057
TEM-1CML,cross_drug,AMP@781.0,AZT@0.44,mlde_ridge,96,1000,0.0345,0.7632,0.631,0.0173,0.0003,1.3038
TEM-1CML,cross_drug,AMP@781.0,AZT@0.44,mlde_ridge,384,1000,0.0037,0.7992,0.9064,-0.0012,0.0,0.8161
TEM-1CML,cross_drug,AMP@781.0,AZT@36.0,random,24,1000,-0.0113,0.5781,0.6196,-0.0064,0.0,0.9277
TEM-1CML,cross_drug,AMP@781.0,AZT@36.0,random,96,1000,-0.0725,0.6712,1.0449,-0.0643,0.0041,1.1367
TEM-1CML,cross_drug,AMP@781.0,AZT@36.0,random,384,1000,0.0105,0.6958,0.5208,0.0184,0.0003,1.0127
TEM-1CML,cross_drug,AMP@781.0,AZT@36.0,greedy_ssm,24,1000,0.3909,0.0518,0.5925,0.412,0.1697,0.4476
TEM-1CML,cross_drug,AMP@781.0,AZT@36.0,greedy_ssm,96,1000,0.3412,0.0578,0.1437,0.332,0.1102,0.8947
TEM-1CML,cross_drug,AMP@781.0,AZT@36.0,greedy_ssm,384,1000,0.2954,0.0603,0.1522,0.243,0.059,1.3134
TEM-1CML,cross_drug,AMP@781.0,AZT@36.0,mlde_ridge,24,1000,-0.0396,0.9289,0.1539,-0.038,0.0014,0.8614
TEM-1CML,cross_drug,AMP@781.0,AZT@36.0,mlde_ridge,96,1000,-0.0091,0.1908,0.8114,-0.0087,0.0001,1.4422
TEM-1CML,cross_drug,AMP@781.0,AZT@36.0,mlde_ridge,384,1000,0.041,0.954,0.9593,0.03,0.0009,0.961
TEM-1CML,cross_drug,AZT@0.44,AZT@36.0,random,24,1000,0.0547,0.9887,0.6627,0.0358,0.0013,1.1691
TEM-1CML,cross_drug,AZT@0.44,AZT@36.0,random,96,1000,-0.0123,0.2196,0.8596,-0.0036,0.0,1.1975
TEM-1CML,cross_drug,AZT@0.44,AZT@36.0,random,384,1000,0.0378,0.6066,0.7966,0.0366,0.0013,0.9664
TEM-1CML,cross_drug,AZT@0.44,AZT@36.0,greedy_ssm,24,1000,0.4509,0.2216,0.2833,0.4224,0.1784,0.5797
TEM-1CML,cross_drug,AZT@0.44,AZT@36.0,greedy_ssm,96,1000,0.337,0.0925,0.1756,0.3285,0.1079,1.7313
TEM-1CML,cross_drug,AZT@0.44,AZT@36.0,greedy_ssm,384,1000,0.316,0.0967,0.1823,0.2543,0.0647,2.7913
TEM-1CML,cross_drug,AZT@0.44,AZT@36.0,mlde_ridge,24,1000,-0.0393,0.0877,0.5695,-0.0079,0.0001,1.7034
TEM-1CML,cross_drug,AZT@0.44,AZT@36.0,mlde_ridge,96,1000,-0.0154,0.2297,0.865,-0.0093,0.0001,1.1061
TEM-1CML,cross_drug,AZT@0.44,AZT@36.0,mlde_ridge,384,1000,-0.0168,0.886,0.8705,0.003,0.0,1.1775
