task_A,task_B,policy,budget,n,rho_rank,degenerate
Bei89,Bk79,random,24,576,0.020513,
Bei89,Bk79,random,96,576,-0.052744,
Bei89,Bk79,greedy_ssm,24,576,0.384643,
Bei89,Bk79,greedy_ssm,96,576,0.367069,
Bei89,Bk79,mlde_ridge,24,576,0.041478,
Bei89,Bk79,mlde_ridge,96,576,,scale:AB
Bei89,Bk79,<pair-level mean>,,5,0.152192,
Bei89,Bris07,random,24,576,0.080378,
Bei89,Bris07,random,96,576,-0.03864,
Bei89,Bris07,greedy_ssm,24,576,-0.197323,
Bei89,Bris07,greedy_ssm,96,576,-0.152798,
Bei89,Bris07,mlde_ridge,24,576,-0.01301,
Bei89,Bris07,mlde_ridge,96,576,,scale:AB
Bei89,Bris07,<pair-level mean>,,5,-0.064279,
Bei89,HK68,random,24,576,-0.046403,
Bei89,HK68,random,96,576,0.050455,
Bei89,HK68,greedy_ssm,24,576,-0.043644,
Bei89,HK68,greedy_ssm,96,576,-0.093721,
Bei89,HK68,mlde_ridge,24,576,0.011339,
Bei89,HK68,mlde_ridge,96,576,,scale:A
Bei89,HK68,<pair-level mean>,,5,-0.024395,
Bei89,Mos99,random,24,576,0.047688,
Bei89,Mos99,random,96,576,0.007527,
Bei89,Mos99,greedy_ssm,24,576,-0.073283,
Bei89,Mos99,greedy_ssm,96,576,-0.063297,
Bei89,Mos99,mlde_ridge,24,576,0.001714,
Bei89,Mos99,mlde_ridge,96,576,,scale:AB
Bei89,Mos99,<pair-level mean>,,5,-0.01593,
Bei89,NDako16,random,24,576,-0.004521,
Bei89,NDako16,random,96,576,-0.027448,
Bei89,NDako16,greedy_ssm,24,576,-0.001095,
Bei89,NDako16,greedy_ssm,96,576,0.004895,
Bei89,NDako16,mlde_ridge,24,576,-0.038915,
Bei89,NDako16,mlde_ridge,96,576,,scale:AB
Bei89,NDako16,<pair-level mean>,,5,-0.013417,
Bk79,Bris07,random,24,576,0.019355,
Bk79,Bris07,random,96,576,0.018348,
Bk79,Bris07,greedy_ssm,24,576,-0.40754,
Bk79,Bris07,greedy_ssm,96,576,-0.440228,
Bk79,Bris07,mlde_ridge,24,576,-0.003421,
Bk79,Bris07,mlde_ridge,96,576,,scale:AB
Bk79,Bris07,<pair-level mean>,,5,-0.162697,
Bk79,HK68,random,24,576,-0.013499,
Bk79,HK68,random,96,576,-0.01232,
Bk79,HK68,greedy_ssm,24,576,0.178992,
Bk79,HK68,greedy_ssm,96,576,0.089889,
Bk79,HK68,mlde_ridge,24,576,0.012838,
Bk79,HK68,mlde_ridge,96,576,,scale:A
Bk79,HK68,<pair-level mean>,,5,0.05118,
Bk79,Mos99,random,24,576,-0.02489,
Bk79,Mos99,random,96,576,-0.020064,
Bk79,Mos99,greedy_ssm,24,576,0.001035,
Bk79,Mos99,greedy_ssm,96,576,0.06711,
Bk79,Mos99,mlde_ridge,24,576,-0.043759,
Bk79,Mos99,mlde_ridge,96,576,,scale:AB
Bk79,Mos99,<pair-level mean>,,5,-0.004114,
Bk79,NDako16,random,24,576,-0.05271,
Bk79,NDako16,random,96,576,-0.017805,
Bk79,NDako16,greedy_ssm,24,576,0.049027,
Bk79,NDako16,greedy_ssm,96,576,0.071009,
Bk79,NDako16,mlde_ridge,24,576,-0.03918,
Bk79,NDako16,mlde_ridge,96,576,,scale:AB
Bk79,NDako16,<pair-level mean>,,5,0.002068,
Bris07,HK68,random,24,576,-0.055472,
Bris07,HK68,random,96,576,0.053885,
Bris07,HK68,greedy_ssm,24,576,-0.274253,
Bris07,HK68,greedy_ssm,96,576,-0.249349,
Bris07,HK68,mlde_ridge,24,576,-0.007129,
Bris07,HK68,mlde_ridge,96,576,,scale:A
Bris07,HK68,<pair-level mean>,,5,-0.106464,
Bris07,Mos99,random,24,576,0.009825,
Bris07,Mos99,random,96,576,-0.002832,
Bris07,Mos99,greedy_ssm,24,576,0.052006,
Bris07,Mos99,greedy_ssm,96,576,-0.056818,
Bris07,Mos99,mlde_ridge,24,576,0.096342,
Bris07,Mos99,mlde_ridge,96,576,,scale:AB
Bris07,Mos99,<pair-level mean>,,5,0.019704,
Bris07,NDako16,random,24,576,-0.050232,
Bris07,NDako16,random,96,576,0.034374,
Bris07,NDako16,greedy_ssm,24,576,0.215273,
Bris07,NDako16,greedy_ssm,96,576,0.236359,
Bris07,NDako16,mlde_ridge,24,576,-0.001535,
Bris07,NDako16,mlde_ridge,96,576,,scale:AB
Bris07,NDako16,<pair-level mean>,,5,0.086848,
HK68,Mos99,random,24,576,-0.037077,
HK68,Mos99,random,96,576,-0.000296,
HK68,Mos99,greedy_ssm,24,576,0.225707,
HK68,Mos99,greedy_ssm,96,576,0.242621,
HK68,Mos99,mlde_ridge,24,576,0.035855,
HK68,Mos99,mlde_ridge,96,576,,scale:B
HK68,Mos99,<pair-level mean>,,5,0.093362,
HK68,NDako16,random,24,576,0.001208,
HK68,NDako16,random,96,576,0.030936,
HK68,NDako16,greedy_ssm,24,576,0.213842,
HK68,NDako16,greedy_ssm,96,576,0.144648,
HK68,NDako16,mlde_ridge,24,576,-0.051421,
HK68,NDako16,mlde_ridge,96,576,,scale:B
HK68,NDako16,<pair-level mean>,,5,0.067843,
Mos99,NDako16,random,24,576,0.025267,
Mos99,NDako16,random,96,576,0.028274,
Mos99,NDako16,greedy_ssm,24,576,0.500179,
Mos99,NDako16,greedy_ssm,96,576,0.471588,
Mos99,NDako16,mlde_ridge,24,576,-0.021552,
Mos99,NDako16,mlde_ridge,96,576,,scale:AB
Mos99,NDako16,<pair-level mean>,,5,0.200751,
