dataset_id,graph_eligible,n_groups,task_condition,task_panel_tier
Phillips2021_CR9114,,65536,fluB@default,
Phillips2021_CR9114,,65536,h1@default,
Phillips2021_CR9114,,65536,h3@default,
Phillips2023_HA_CH65,,65535,G189E@default,
Phillips2023_HA_CH65,,65535,MA90@default,
Phillips2023_HA_CH65,,65535,SI06@default,
Phillips2023_HA_CH65,,65536,expression@default,
TEM-1CML,,55294,AMP@0.0,
TEM-1CML,,55294,AMP@12.2,
TEM-1CML,,55294,AMP@195.0,
TEM-1CML,,55294,AMP@3.1,
TEM-1CML,,55294,AMP@48.8,
TEM-1CML,,55294,AMP@781.0,
TEM-1CML,,55294,AZT@0.0,
TEM-1CML,,55294,AZT@0.44,
TEM-1CML,,55294,AZT@1.33,
TEM-1CML,,55294,AZT@108.0,
TEM-1CML,,55294,AZT@12.0,
TEM-1CML,,55294,AZT@324.0,
TEM-1CML,,55294,AZT@36.0,
TEM-1CML,,55294,AZT@4.0,
DAOx_multi_substrate,False,6417,D-Ala,eligible_for_formal_task_level_evaluation
DAOx_multi_substrate,False,6417,D-Asn,eligible_for_formal_task_level_evaluation
DAOx_multi_substrate,False,6417,D-Gln,eligible_for_formal_task_level_evaluation
DAOx_multi_substrate,False,6417,D-Met,eligible_for_formal_task_level_evaluation
DAOx_multi_substrate,False,6417,D-Phe,eligible_for_formal_task_level_evaluation
TEV_ProtRec,False,1,*NQYFQS,exclude_from_task_level_inference
TEV_ProtRec,False,604,ANLYFNS,eligible_for_formal_task_level_evaluation
TEV_ProtRec,False,990,ANLYFQS,eligible_for_formal_task_level_evaluation
TEV_ProtRec,False,3134,CNLYFQS,eligible_for_formal_task_level_evaluation
TEV_ProtRec,False,510,DNLIFQS,eligible_for_formal_task_level_evaluation
TEV_ProtRec,False,2533,DNLYFQS,eligible_for_formal_task_level_evaluation
TEV_ProtRec,False,292,EALYFHS,descriptive_sensitivity_only
TEV_ProtRec,False,2771,EALYFQS,eligible_for_formal_task_level_evaluation
TEV_ProtRec,False,3570,ECLYFQS,eligible_for_formal_task_level_evaluation
TEV_ProtRec,False,2618,EDLYFQS,eligible_for_formal_task_level_evaluation
TEV_ProtRec,False,761,EDLYSQS,eligible_for_formal_task_level_evaluation
TEV_ProtRec,False,575,EELCFQS,eligible_for_formal_task_level_evaluation
TEV_ProtRec,False,3112,EELYFQS,eligible_for_formal_task_level_evaluation
TEV_ProtRec,False,593,EFLYFQN,eligible_for_formal_task_level_evaluation
TEV_ProtRec,False,1668,EFLYFQS,eligible_for_formal_task_level_evaluation
TEV_ProtRec,False,2573,EGLYFQS,eligible_for_formal_task_level_evaluation
TEV_ProtRec,False,2513,EHLYFQS,eligible_for_formal_task_level_evaluation
TEV_ProtRec,False,1780,EHLYSQS,eligible_for_formal_task_level_evaluation
TEV_ProtRec,False,3596,EILYFQS,eligible_for_formal_task_level_evaluation
TEV_ProtRec,False,3185,EKLYFQS,eligible_for_formal_task_level_evaluation
TEV_ProtRec,False,2793,ELLYFQS,eligible_for_formal_task_level_evaluation
TEV_ProtRec,False,2954,EMLYFQS,eligible_for_formal_task_level_evaluation
TEV_ProtRec,False,3449,ENAYFQS,eligible_for_formal_task_level_evaluation
TEV_ProtRec,False,3315,ENCYFQS,eligible_for_formal_task_level_evaluation
TEV_ProtRec,False,3902,ENDYFQS,eligible_for_formal_task_level_evaluation
TEV_ProtRec,False,3725,ENEYFQS,eligible_for_formal_task_level_evaluation
TEV_ProtRec,False,3352,ENFYFQS,eligible_for_formal_task_level_evaluation
TEV_ProtRec,False,2999,ENGYFQS,eligible_for_formal_task_level_evaluation
TEV_ProtRec,False,2892,ENHYFQS,eligible_for_formal_task_level_evaluation
TEV_ProtRec,False,794,ENIYFIS,eligible_for_formal_task_level_evaluation
TEV_ProtRec,False,2292,ENIYFQS,eligible_for_formal_task_level_evaluation
TEV_ProtRec,False,2405,ENKYFQS,eligible_for_formal_task_level_evaluation
TEV_ProtRec,False,2574,ENLAFQS,eligible_for_formal_task_level_evaluation
TEV_ProtRec,False,2422,ENLCFQS,eligible_for_formal_task_level_evaluation
TEV_ProtRec,False,674,ENLCFRG,eligible_for_formal_task_level_evaluation
TEV_ProtRec,False,3999,ENLDFQS,eligible_for_formal_task_level_evaluation
TEV_ProtRec,False,3200,ENLEFQS,eligible_for_formal_task_level_evaluation
TEV_ProtRec,False,4120,ENLFFQS,eligible_for_formal_task_level_evaluation
TEV_ProtRec,False,1717,ENLGFQS,eligible_for_formal_task_level_evaluation
TEV_ProtRec,False,3470,ENLHFQS,eligible_for_formal_task_level_evaluation
TEV_ProtRec,False,2871,ENLIFQS,eligible_for_formal_task_level_evaluation
TEV_ProtRec,False,3821,ENLKFQS,eligible_for_formal_task_level_evaluation
TEV_ProtRec,False,2573,ENLLFQS,eligible_for_formal_task_level_evaluation
TEV_ProtRec,False,2224,ENLMFQS,eligible_for_formal_task_level_evaluation
TEV_ProtRec,False,3883,ENLNFQS,eligible_for_formal_task_level_evaluation
TEV_ProtRec,False,3256,ENLPFQS,eligible_for_formal_task_level_evaluation
TEV_ProtRec,False,2726,ENLQFQS,eligible_for_formal_task_level_evaluation
TEV_ProtRec,False,2835,ENLRFQS,eligible_for_formal_task_level_evaluation
TEV_ProtRec,False,9,ENLSFKS,exclude_from_task_level_inference
TEV_ProtRec,False,3418,ENLSFQS,eligible_for_formal_task_level_evaluation
TEV_ProtRec,False,874,ENLTFQS,eligible_for_formal_task_level_evaluation
TEV_ProtRec,False,1946,ENLVFQS,eligible_for_formal_task_level_evaluation
TEV_ProtRec,False,2514,ENLWFQS,eligible_for_formal_task_level_evaluation
TEV_ProtRec,False,2069,ENLYAQS,eligible_for_formal_task_level_evaluation
TEV_ProtRec,False,1653,ENLYCQS,eligible_for_formal_task_level_evaluation
TEV_ProtRec,False,3431,ENLYDQS,eligible_for_formal_task_level_evaluation
TEV_ProtRec,False,3963,ENLYEQS,eligible_for_formal_task_level_evaluation
TEV_ProtRec,False,2858,ENLYFAS,eligible_for_formal_task_level_evaluation
TEV_ProtRec,False,2989,ENLYFCS,eligible_for_formal_task_level_evaluation
TEV_ProtRec,False,2228,ENLYFDS,eligible_for_formal_task_level_evaluation
TEV_ProtRec,False,3544,ENLYFES,eligible_for_formal_task_level_evaluation
TEV_ProtRec,False,3826,ENLYFFS,eligible_for_formal_task_level_evaluation
TEV_ProtRec,False,2188,ENLYFGS,eligible_for_formal_task_level_evaluation
TEV_ProtRec,False,2602,ENLYFHS,eligible_for_formal_task_level_evaluation
TEV_ProtRec,False,4345,ENLYFIS,eligible_for_formal_task_level_evaluation
TEV_ProtRec,False,2959,ENLYFKS,eligible_for_formal_task_level_evaluation
TEV_ProtRec,False,2280,ENLYFLS,eligible_for_formal_task_level_evaluation
TEV_ProtRec,False,4022,ENLYFMS,eligible_for_formal_task_level_evaluation
TEV_ProtRec,False,3065,ENLYFNS,eligible_for_formal_task_level_evaluation
TEV_ProtRec,False,4054,ENLYFPS,eligible_for_formal_task_level_evaluation
TEV_ProtRec,False,3059,ENLYFQ*,eligible_for_formal_task_level_evaluation
TEV_ProtRec,False,34378,ENLYFQA,eligible_for_formal_task_level_evaluation
TEV_ProtRec,False,32174,ENLYFQC,eligible_for_formal_task_level_evaluation
TEV_ProtRec,False,37498,ENLYFQD,eligible_for_formal_task_level_evaluation
TEV_ProtRec,False,33832,ENLYFQE,eligible_for_formal_task_level_evaluation
TEV_ProtRec,False,29606,ENLYFQF,eligible_for_formal_task_level_evaluation
TEV_ProtRec,False,36391,ENLYFQG,eligible_for_formal_task_level_evaluation
TEV_ProtRec,False,30510,ENLYFQH,eligible_for_formal_task_level_evaluation
TEV_ProtRec,False,35413,ENLYFQI,eligible_for_formal_task_level_evaluation
TEV_ProtRec,False,39496,ENLYFQK,eligible_for_formal_task_level_evaluation
TEV_ProtRec,False,33563,ENLYFQL,eligible_for_formal_task_level_evaluation
TEV_ProtRec,False,31004,ENLYFQM,eligible_for_formal_task_level_evaluation
TEV_ProtRec,False,30648,ENLYFQN,eligible_for_formal_task_level_evaluation
TEV_ProtRec,False,30999,ENLYFQP,eligible_for_formal_task_level_evaluation
TEV_ProtRec,False,29157,ENLYFQQ,eligible_for_formal_task_level_evaluation
TEV_ProtRec,False,36273,ENLYFQR,eligible_for_formal_task_level_evaluation
TEV_ProtRec,False,56326,ENLYFQS,eligible_for_formal_task_level_evaluation
TEV_ProtRec,False,34749,ENLYFQT,eligible_for_formal_task_level_evaluation
TEV_ProtRec,False,31962,ENLYFQV,eligible_for_formal_task_level_evaluation
TEV_ProtRec,False,37311,ENLYFQW,eligible_for_formal_task_level_evaluation
TEV_ProtRec,False,30082,ENLYFQY,eligible_for_formal_task_level_evaluation
TEV_ProtRec,False,2879,ENLYFRS,eligible_for_formal_task_level_evaluation
TEV_ProtRec,False,2625,ENLYFSS,eligible_for_formal_task_level_evaluation
TEV_ProtRec,False,3418,ENLYFTS,eligible_for_formal_task_level_evaluation
TEV_ProtRec,False,2352,ENLYFVS,eligible_for_formal_task_level_evaluation
TEV_ProtRec,False,2920,ENLYFWS,eligible_for_formal_task_level_evaluation
TEV_ProtRec,False,3291,ENLYFYS,eligible_for_formal_task_level_evaluation
TEV_ProtRec,False,3368,ENLYGQS,eligible_for_formal_task_level_evaluation
TEV_ProtRec,False,4058,ENLYHQS,eligible_for_formal_task_level_evaluation
TEV_ProtRec,False,3049,ENLYIQS,eligible_for_formal_task_level_evaluation
TEV_ProtRec,False,3592,ENLYKQS,eligible_for_formal_task_level_evaluation
TEV_ProtRec,False,1624,ENLYLQS,eligible_for_formal_task_level_evaluation
TEV_ProtRec,False,3381,ENLYMQS,eligible_for_formal_task_level_evaluation
TEV_ProtRec,False,3741,ENLYNQS,eligible_for_formal_task_level_evaluation
TEV_ProtRec,False,3629,ENLYPQS,eligible_for_formal_task_level_evaluation
TEV_ProtRec,False,2820,ENLYQQS,eligible_for_formal_task_level_evaluation
TEV_ProtRec,False,3100,ENLYRQS,eligible_for_formal_task_level_evaluation
TEV_ProtRec,False,2805,ENLYSQS,eligible_for_formal_task_level_evaluation
TEV_ProtRec,False,2687,ENLYTQS,eligible_for_formal_task_level_evaluation
TEV_ProtRec,False,3020,ENLYVQS,eligible_for_formal_task_level_evaluation
TEV_ProtRec,False,3235,ENLYWQS,eligible_for_formal_task_level_evaluation
TEV_ProtRec,False,2611,ENLYYQS,eligible_for_formal_task_level_evaluation
TEV_ProtRec,False,2119,ENMYFQS,eligible_for_formal_task_level_evaluation
TEV_ProtRec,False,3043,ENNYFQS,eligible_for_formal_task_level_evaluation
TEV_ProtRec,False,2497,ENPYFQS,eligible_for_formal_task_level_evaluation
TEV_ProtRec,False,4255,ENQYFQS,eligible_for_formal_task_level_evaluation
TEV_ProtRec,False,2910,ENRYFQS,eligible_for_formal_task_level_evaluation
TEV_ProtRec,False,3958,ENSYFQS,eligible_for_formal_task_level_evaluation
TEV_ProtRec,False,3077,ENTYFQS,eligible_for_formal_task_level_evaluation
TEV_ProtRec,False,3283,ENVYFQS,eligible_for_formal_task_level_evaluation
TEV_ProtRec,False,755,ENWYFQC,eligible_for_formal_task_level_evaluation
TEV_ProtRec,False,2111,ENWYFQS,eligible_for_formal_task_level_evaluation
TEV_ProtRec,False,2071,ENYYFQS,eligible_for_formal_task_level_evaluation
TEV_ProtRec,False,288,EPLYFES,descriptive_sensitivity_only
TEV_ProtRec,False,2530,EPLYFQS,eligible_for_formal_task_level_evaluation
TEV_ProtRec,False,3309,EQLYFQS,eligible_for_formal_task_level_evaluation
TEV_ProtRec,False,3177,ERLYFQS,eligible_for_formal_task_level_evaluation
TEV_ProtRec,False,960,ESLYFQD,eligible_for_formal_task_level_evaluation
TEV_ProtRec,False,4133,ESLYFQS,eligible_for_formal_task_level_evaluation
TEV_ProtRec,False,309,ETLYFFS,descriptive_sensitivity_only
TEV_ProtRec,False,1934,ETLYFQS,eligible_for_formal_task_level_evaluation
TEV_ProtRec,False,3651,EVLYFQS,eligible_for_formal_task_level_evaluation
TEV_ProtRec,False,639,EVLYSQS,eligible_for_formal_task_level_evaluation
TEV_ProtRec,False,2538,EWLYFQS,eligible_for_formal_task_level_evaluation
TEV_ProtRec,False,606,EYLYFQM,eligible_for_formal_task_level_evaluation
TEV_ProtRec,False,2053,EYLYFQS,eligible_for_formal_task_level_evaluation
TEV_ProtRec,False,2604,FNLYFQS,eligible_for_formal_task_level_evaluation
TEV_ProtRec,False,2447,GNLYFQS,eligible_for_formal_task_level_evaluation
TEV_ProtRec,False,386,HNLYFQK,descriptive_sensitivity_only
TEV_ProtRec,False,3778,HNLYFQS,eligible_for_formal_task_level_evaluation
TEV_ProtRec,False,2842,INLYFQS,eligible_for_formal_task_level_evaluation
TEV_ProtRec,False,2713,KNLYFQS,eligible_for_formal_task_level_evaluation
TEV_ProtRec,False,3,KTCILKS,exclude_from_task_level_inference
TEV_ProtRec,False,504,LNLYFQH,eligible_for_formal_task_level_evaluation
TEV_ProtRec,False,3024,LNLYFQS,eligible_for_formal_task_level_evaluation
TEV_ProtRec,False,1359,LNLYFQT,eligible_for_formal_task_level_evaluation
TEV_ProtRec,False,466,MNLYCQS,descriptive_sensitivity_only
TEV_ProtRec,False,951,MNLYFKS,eligible_for_formal_task_level_evaluation
TEV_ProtRec,False,2584,MNLYFQS,eligible_for_formal_task_level_evaluation
TEV_ProtRec,False,2360,NNLYFQS,eligible_for_formal_task_level_evaluation
TEV_ProtRec,False,3392,PNLYFQS,eligible_for_formal_task_level_evaluation
TEV_ProtRec,False,112,QNLYFIS,descriptive_sensitivity_only
TEV_ProtRec,False,321,QNLYFQG,descriptive_sensitivity_only
TEV_ProtRec,False,1107,QNLYFQS,eligible_for_formal_task_level_evaluation
TEV_ProtRec,False,1691,RNLYFQS,eligible_for_formal_task_level_evaluation
TEV_ProtRec,False,1458,RNLYMQS,eligible_for_formal_task_level_evaluation
TEV_ProtRec,False,967,SNLYFHS,eligible_for_formal_task_level_evaluation
TEV_ProtRec,False,3052,SNLYFQS,eligible_for_formal_task_level_evaluation
TEV_ProtRec,False,3678,TNLYFQS,eligible_for_formal_task_level_evaluation
TEV_ProtRec,False,1959,VNLYFQS,eligible_for_formal_task_level_evaluation
TEV_ProtRec,False,3849,WNLYFQS,eligible_for_formal_task_level_evaluation
TEV_ProtRec,False,3109,YNLYFQS,eligible_for_formal_task_level_evaluation
TEV_ProtRec,False,227,YNLYFQW,descriptive_sensitivity_only
