holdout,policy,budget,selector,NR
AMP@0.0,random,24,current_fitness,0.7431
AMP@0.0,random,24,known_family_mean,0.7431
AMP@0.0,random,24,known_family_worst,0.7623
AMP@0.0,random,24,local_robustness,1.0204
AMP@0.0,random,24,neighbor_informative_frac,0.656
AMP@0.0,random,24,dist_to_best,1.0323
AMP@0.0,random,24,n_better_neighbors,0.9902
AMP@0.0,random,24,local_ruggedness,0.9902
AMP@0.0,random,24,proxy_eov_today,0.8315
AMP@0.0,random,96,current_fitness,0.8382
AMP@0.0,random,96,known_family_mean,0.8382
AMP@0.0,random,96,known_family_worst,0.6624
AMP@0.0,random,96,local_robustness,0.8227
AMP@0.0,random,96,neighbor_informative_frac,0.8414
AMP@0.0,random,96,dist_to_best,0.941
AMP@0.0,random,96,n_better_neighbors,0.7006
AMP@0.0,random,96,local_ruggedness,0.7006
AMP@0.0,random,96,proxy_eov_today,0.5831
AMP@0.0,random,384,current_fitness,0.993
AMP@0.0,random,384,known_family_mean,0.993
AMP@0.0,random,384,known_family_worst,0.7695
AMP@0.0,random,384,local_robustness,0.641
AMP@0.0,random,384,neighbor_informative_frac,0.8062
AMP@0.0,random,384,dist_to_best,0.8978
AMP@0.0,random,384,n_better_neighbors,0.7184
AMP@0.0,random,384,local_ruggedness,0.7184
AMP@0.0,random,384,proxy_eov_today,0.7398
AMP@0.0,greedy_ssm,24,current_fitness,0.8824
AMP@0.0,greedy_ssm,24,known_family_mean,0.8824
AMP@0.0,greedy_ssm,24,known_family_worst,0.8456
AMP@0.0,greedy_ssm,24,local_robustness,0.9586
AMP@0.0,greedy_ssm,24,neighbor_informative_frac,0.9054
AMP@0.0,greedy_ssm,24,dist_to_best,0.7283
AMP@0.0,greedy_ssm,24,n_better_neighbors,0.9588
AMP@0.0,greedy_ssm,24,local_ruggedness,0.9588
AMP@0.0,greedy_ssm,24,proxy_eov_today,0.9132
AMP@0.0,greedy_ssm,96,current_fitness,0.8362
AMP@0.0,greedy_ssm,96,known_family_mean,0.8362
AMP@0.0,greedy_ssm,96,known_family_worst,1.0207
AMP@0.0,greedy_ssm,96,local_robustness,1.0391
AMP@0.0,greedy_ssm,96,neighbor_informative_frac,0.9814
AMP@0.0,greedy_ssm,96,dist_to_best,0.7894
AMP@0.0,greedy_ssm,96,n_better_neighbors,0.8561
AMP@0.0,greedy_ssm,96,local_ruggedness,0.8561
AMP@0.0,greedy_ssm,96,proxy_eov_today,0.8752
AMP@0.0,greedy_ssm,384,current_fitness,0.859
AMP@0.0,greedy_ssm,384,known_family_mean,0.859
AMP@0.0,greedy_ssm,384,known_family_worst,0.7493
AMP@0.0,greedy_ssm,384,local_robustness,1.0674
AMP@0.0,greedy_ssm,384,neighbor_informative_frac,0.8672
AMP@0.0,greedy_ssm,384,dist_to_best,0.811
AMP@0.0,greedy_ssm,384,n_better_neighbors,0.63
AMP@0.0,greedy_ssm,384,local_ruggedness,0.63
AMP@0.0,greedy_ssm,384,proxy_eov_today,0.8187
AMP@0.0,mlde_ridge,24,current_fitness,0.8387
AMP@0.0,mlde_ridge,24,known_family_mean,0.8387
AMP@0.0,mlde_ridge,24,known_family_worst,0.898
AMP@0.0,mlde_ridge,24,local_robustness,0.795
AMP@0.0,mlde_ridge,24,neighbor_informative_frac,0.861
AMP@0.0,mlde_ridge,24,dist_to_best,0.8153
AMP@0.0,mlde_ridge,24,n_better_neighbors,0.7057
AMP@0.0,mlde_ridge,24,local_ruggedness,0.7057
AMP@0.0,mlde_ridge,24,proxy_eov_today,0.957
AMP@0.0,mlde_ridge,96,current_fitness,0.8975
AMP@0.0,mlde_ridge,96,known_family_mean,0.8975
AMP@0.0,mlde_ridge,96,known_family_worst,0.7491
AMP@0.0,mlde_ridge,96,local_robustness,0.7977
AMP@0.0,mlde_ridge,96,neighbor_informative_frac,0.7899
AMP@0.0,mlde_ridge,96,dist_to_best,0.9239
AMP@0.0,mlde_ridge,96,n_better_neighbors,0.7117
AMP@0.0,mlde_ridge,96,local_ruggedness,0.7117
AMP@0.0,mlde_ridge,96,proxy_eov_today,0.8653
AMP@0.0,mlde_ridge,384,current_fitness,0.8734
AMP@0.0,mlde_ridge,384,known_family_mean,0.8734
AMP@0.0,mlde_ridge,384,known_family_worst,0.9516
AMP@0.0,mlde_ridge,384,local_robustness,0.3094
AMP@0.0,mlde_ridge,384,neighbor_informative_frac,0.7999
AMP@0.0,mlde_ridge,384,dist_to_best,0.982
AMP@0.0,mlde_ridge,384,n_better_neighbors,0.8057
AMP@0.0,mlde_ridge,384,local_ruggedness,0.8057
AMP@0.0,mlde_ridge,384,proxy_eov_today,0.7097
AMP@3.1,random,24,current_fitness,0.8046
AMP@3.1,random,24,known_family_mean,0.867
AMP@3.1,random,24,known_family_worst,0.7928
AMP@3.1,random,24,local_robustness,0.9133
AMP@3.1,random,24,neighbor_informative_frac,0.8654
AMP@3.1,random,24,dist_to_best,0.8449
AMP@3.1,random,24,n_better_neighbors,0.8848
AMP@3.1,random,24,local_ruggedness,0.8848
AMP@3.1,random,24,proxy_eov_today,0.8799
AMP@3.1,random,96,current_fitness,0.6935
AMP@3.1,random,96,known_family_mean,0.8679
AMP@3.1,random,96,known_family_worst,0.9621
AMP@3.1,random,96,local_robustness,0.7071
AMP@3.1,random,96,neighbor_informative_frac,0.9429
AMP@3.1,random,96,dist_to_best,0.8388
AMP@3.1,random,96,n_better_neighbors,0.8214
AMP@3.1,random,96,local_ruggedness,0.8214
AMP@3.1,random,96,proxy_eov_today,0.9399
AMP@3.1,random,384,current_fitness,0.9202
AMP@3.1,random,384,known_family_mean,0.8462
AMP@3.1,random,384,known_family_worst,0.4693
AMP@3.1,random,384,local_robustness,0.4623
AMP@3.1,random,384,neighbor_informative_frac,0.7084
AMP@3.1,random,384,dist_to_best,0.612
AMP@3.1,random,384,n_better_neighbors,0.6853
AMP@3.1,random,384,local_ruggedness,0.6853
AMP@3.1,random,384,proxy_eov_today,0.863
AMP@3.1,greedy_ssm,24,current_fitness,0.8048
AMP@3.1,greedy_ssm,24,known_family_mean,0.7969
AMP@3.1,greedy_ssm,24,known_family_worst,0.7045
AMP@3.1,greedy_ssm,24,local_robustness,0.8559
AMP@3.1,greedy_ssm,24,neighbor_informative_frac,0.8851
AMP@3.1,greedy_ssm,24,dist_to_best,0.5672
AMP@3.1,greedy_ssm,24,n_better_neighbors,0.8917
AMP@3.1,greedy_ssm,24,local_ruggedness,0.8917
AMP@3.1,greedy_ssm,24,proxy_eov_today,0.8196
AMP@3.1,greedy_ssm,96,current_fitness,0.6805
AMP@3.1,greedy_ssm,96,known_family_mean,0.7962
AMP@3.1,greedy_ssm,96,known_family_worst,0.6685
AMP@3.1,greedy_ssm,96,local_robustness,0.853
AMP@3.1,greedy_ssm,96,neighbor_informative_frac,0.8488
AMP@3.1,greedy_ssm,96,dist_to_best,0.638
AMP@3.1,greedy_ssm,96,n_better_neighbors,0.8099
AMP@3.1,greedy_ssm,96,local_ruggedness,0.8099
AMP@3.1,greedy_ssm,96,proxy_eov_today,0.8512
AMP@3.1,greedy_ssm,384,current_fitness,0.7446
AMP@3.1,greedy_ssm,384,known_family_mean,0.6653
AMP@3.1,greedy_ssm,384,known_family_worst,0.7863
AMP@3.1,greedy_ssm,384,local_robustness,0.6062
AMP@3.1,greedy_ssm,384,neighbor_informative_frac,0.6242
AMP@3.1,greedy_ssm,384,dist_to_best,0.633
AMP@3.1,greedy_ssm,384,n_better_neighbors,0.8306
AMP@3.1,greedy_ssm,384,local_ruggedness,0.8306
AMP@3.1,greedy_ssm,384,proxy_eov_today,0.7378
AMP@3.1,mlde_ridge,24,current_fitness,0.7286
AMP@3.1,mlde_ridge,24,known_family_mean,0.7791
AMP@3.1,mlde_ridge,24,known_family_worst,0.9425
AMP@3.1,mlde_ridge,24,local_robustness,0.618
AMP@3.1,mlde_ridge,24,neighbor_informative_frac,0.6384
AMP@3.1,mlde_ridge,24,dist_to_best,0.9214
AMP@3.1,mlde_ridge,24,n_better_neighbors,0.841
AMP@3.1,mlde_ridge,24,local_ruggedness,0.841
AMP@3.1,mlde_ridge,24,proxy_eov_today,0.7209
AMP@3.1,mlde_ridge,96,current_fitness,0.7679
AMP@3.1,mlde_ridge,96,known_family_mean,0.9473
AMP@3.1,mlde_ridge,96,known_family_worst,0.9439
AMP@3.1,mlde_ridge,96,local_robustness,1.0551
AMP@3.1,mlde_ridge,96,neighbor_informative_frac,0.8718
AMP@3.1,mlde_ridge,96,dist_to_best,0.699
AMP@3.1,mlde_ridge,96,n_better_neighbors,0.9468
AMP@3.1,mlde_ridge,96,local_ruggedness,0.9468
AMP@3.1,mlde_ridge,96,proxy_eov_today,0.8361
AMP@3.1,mlde_ridge,384,current_fitness,0.7759
AMP@3.1,mlde_ridge,384,known_family_mean,0.9062
AMP@3.1,mlde_ridge,384,known_family_worst,0.823
AMP@3.1,mlde_ridge,384,local_robustness,0.8198
AMP@3.1,mlde_ridge,384,neighbor_informative_frac,0.3583
AMP@3.1,mlde_ridge,384,dist_to_best,0.9352
AMP@3.1,mlde_ridge,384,n_better_neighbors,0.9731
AMP@3.1,mlde_ridge,384,local_ruggedness,0.9731
AMP@3.1,mlde_ridge,384,proxy_eov_today,0.7123
AMP@12.2,random,24,current_fitness,0.8455
AMP@12.2,random,24,known_family_mean,0.8248
AMP@12.2,random,24,known_family_worst,0.8248
AMP@12.2,random,24,local_robustness,0.7169
AMP@12.2,random,24,neighbor_informative_frac,0.7903
AMP@12.2,random,24,dist_to_best,0.8123
AMP@12.2,random,24,n_better_neighbors,0.957
AMP@12.2,random,24,local_ruggedness,0.957
AMP@12.2,random,24,proxy_eov_today,0.8457
AMP@12.2,random,96,current_fitness,0.9801
AMP@12.2,random,96,known_family_mean,0.9288
AMP@12.2,random,96,known_family_worst,0.9288
AMP@12.2,random,96,local_robustness,0.855
AMP@12.2,random,96,neighbor_informative_frac,0.7969
AMP@12.2,random,96,dist_to_best,0.9968
AMP@12.2,random,96,n_better_neighbors,0.9226
AMP@12.2,random,96,local_ruggedness,0.9226
AMP@12.2,random,96,proxy_eov_today,0.957
AMP@12.2,random,384,current_fitness,0.9049
AMP@12.2,random,384,known_family_mean,0.5235
AMP@12.2,random,384,known_family_worst,0.5235
AMP@12.2,random,384,local_robustness,0.7596
AMP@12.2,random,384,neighbor_informative_frac,0.7483
AMP@12.2,random,384,dist_to_best,0.826
AMP@12.2,random,384,n_better_neighbors,0.9305
AMP@12.2,random,384,local_ruggedness,0.9305
AMP@12.2,random,384,proxy_eov_today,0.7091
AMP@12.2,greedy_ssm,24,current_fitness,0.5367
AMP@12.2,greedy_ssm,24,known_family_mean,0.7848
AMP@12.2,greedy_ssm,24,known_family_worst,0.7848
AMP@12.2,greedy_ssm,24,local_robustness,0.8714
AMP@12.2,greedy_ssm,24,neighbor_informative_frac,0.8297
AMP@12.2,greedy_ssm,24,dist_to_best,0.6653
AMP@12.2,greedy_ssm,24,n_better_neighbors,0.8588
AMP@12.2,greedy_ssm,24,local_ruggedness,0.8588
AMP@12.2,greedy_ssm,24,proxy_eov_today,0.7869
AMP@12.2,greedy_ssm,96,current_fitness,0.5974
AMP@12.2,greedy_ssm,96,known_family_mean,0.8735
AMP@12.2,greedy_ssm,96,known_family_worst,0.8735
AMP@12.2,greedy_ssm,96,local_robustness,0.9406
AMP@12.2,greedy_ssm,96,neighbor_informative_frac,0.7492
AMP@12.2,greedy_ssm,96,dist_to_best,0.7405
AMP@12.2,greedy_ssm,96,n_better_neighbors,0.9559
AMP@12.2,greedy_ssm,96,local_ruggedness,0.9559
AMP@12.2,greedy_ssm,96,proxy_eov_today,0.8758
AMP@12.2,greedy_ssm,384,current_fitness,0.6118
AMP@12.2,greedy_ssm,384,known_family_mean,0.8945
AMP@12.2,greedy_ssm,384,known_family_worst,0.8945
AMP@12.2,greedy_ssm,384,local_robustness,0.5868
AMP@12.2,greedy_ssm,384,neighbor_informative_frac,0.7673
AMP@12.2,greedy_ssm,384,dist_to_best,0.7583
AMP@12.2,greedy_ssm,384,n_better_neighbors,0.8928
AMP@12.2,greedy_ssm,384,local_ruggedness,0.8928
AMP@12.2,greedy_ssm,384,proxy_eov_today,0.8969
AMP@12.2,mlde_ridge,24,current_fitness,0.7872
AMP@12.2,mlde_ridge,24,known_family_mean,0.6872
AMP@12.2,mlde_ridge,24,known_family_worst,0.6872
AMP@12.2,mlde_ridge,24,local_robustness,0.9547
AMP@12.2,mlde_ridge,24,neighbor_informative_frac,0.8069
AMP@12.2,mlde_ridge,24,dist_to_best,1.0126
AMP@12.2,mlde_ridge,24,n_better_neighbors,0.9691
AMP@12.2,mlde_ridge,24,local_ruggedness,0.9691
AMP@12.2,mlde_ridge,24,proxy_eov_today,0.862
AMP@12.2,mlde_ridge,96,current_fitness,0.7999
AMP@12.2,mlde_ridge,96,known_family_mean,0.7579
AMP@12.2,mlde_ridge,96,known_family_worst,0.7579
AMP@12.2,mlde_ridge,96,local_robustness,0.9327
AMP@12.2,mlde_ridge,96,neighbor_informative_frac,0.8902
AMP@12.2,mlde_ridge,96,dist_to_best,0.7397
AMP@12.2,mlde_ridge,96,n_better_neighbors,0.9783
AMP@12.2,mlde_ridge,96,local_ruggedness,0.9783
AMP@12.2,mlde_ridge,96,proxy_eov_today,0.8998
AMP@12.2,mlde_ridge,384,current_fitness,0.8435
AMP@12.2,mlde_ridge,384,known_family_mean,0.9061
AMP@12.2,mlde_ridge,384,known_family_worst,0.9061
AMP@12.2,mlde_ridge,384,local_robustness,0.9413
AMP@12.2,mlde_ridge,384,neighbor_informative_frac,0.6698
AMP@12.2,mlde_ridge,384,dist_to_best,0.9363
AMP@12.2,mlde_ridge,384,n_better_neighbors,0.6438
AMP@12.2,mlde_ridge,384,local_ruggedness,0.6438
AMP@12.2,mlde_ridge,384,proxy_eov_today,0.9269
AMP@48.8,random,24,current_fitness,0.7604
AMP@48.8,random,24,known_family_mean,0.5716
AMP@48.8,random,24,known_family_worst,0.5716
AMP@48.8,random,24,local_robustness,0.6521
AMP@48.8,random,24,neighbor_informative_frac,1.1018
AMP@48.8,random,24,dist_to_best,0.9289
AMP@48.8,random,24,n_better_neighbors,0.7634
AMP@48.8,random,24,local_ruggedness,0.7634
AMP@48.8,random,24,proxy_eov_today,0.7129
AMP@48.8,random,96,current_fitness,0.9339
AMP@48.8,random,96,known_family_mean,0.953
AMP@48.8,random,96,known_family_worst,0.953
AMP@48.8,random,96,local_robustness,0.9469
AMP@48.8,random,96,neighbor_informative_frac,0.7828
AMP@48.8,random,96,dist_to_best,0.966
AMP@48.8,random,96,n_better_neighbors,0.6584
AMP@48.8,random,96,local_ruggedness,0.6584
AMP@48.8,random,96,proxy_eov_today,0.9352
AMP@48.8,random,384,current_fitness,0.9588
AMP@48.8,random,384,known_family_mean,0.8964
AMP@48.8,random,384,known_family_worst,0.8964
AMP@48.8,random,384,local_robustness,0.6527
AMP@48.8,random,384,neighbor_informative_frac,0.7231
AMP@48.8,random,384,dist_to_best,0.8822
AMP@48.8,random,384,n_better_neighbors,0.8512
AMP@48.8,random,384,local_ruggedness,0.8512
AMP@48.8,random,384,proxy_eov_today,0.7006
AMP@48.8,greedy_ssm,24,current_fitness,0.4402
AMP@48.8,greedy_ssm,24,known_family_mean,0.4418
AMP@48.8,greedy_ssm,24,known_family_worst,0.4418
AMP@48.8,greedy_ssm,24,local_robustness,0.4363
AMP@48.8,greedy_ssm,24,neighbor_informative_frac,0.4186
AMP@48.8,greedy_ssm,24,dist_to_best,0.4021
AMP@48.8,greedy_ssm,24,n_better_neighbors,0.374
AMP@48.8,greedy_ssm,24,local_ruggedness,0.374
AMP@48.8,greedy_ssm,24,proxy_eov_today,0.3244
AMP@48.8,greedy_ssm,96,current_fitness,0.8845
AMP@48.8,greedy_ssm,96,known_family_mean,0.8934
AMP@48.8,greedy_ssm,96,known_family_worst,0.8934
AMP@48.8,greedy_ssm,96,local_robustness,0.6857
AMP@48.8,greedy_ssm,96,neighbor_informative_frac,0.8465
AMP@48.8,greedy_ssm,96,dist_to_best,0.6499
AMP@48.8,greedy_ssm,96,n_better_neighbors,0.7262
AMP@48.8,greedy_ssm,96,local_ruggedness,0.7262
AMP@48.8,greedy_ssm,96,proxy_eov_today,0.656
AMP@48.8,greedy_ssm,384,current_fitness,0.8669
AMP@48.8,greedy_ssm,384,known_family_mean,0.8746
AMP@48.8,greedy_ssm,384,known_family_worst,0.8746
AMP@48.8,greedy_ssm,384,local_robustness,0.6968
AMP@48.8,greedy_ssm,384,neighbor_informative_frac,0.8602
AMP@48.8,greedy_ssm,384,dist_to_best,0.6604
AMP@48.8,greedy_ssm,384,n_better_neighbors,0.7379
AMP@48.8,greedy_ssm,384,local_ruggedness,0.7379
AMP@48.8,greedy_ssm,384,proxy_eov_today,0.6667
AMP@48.8,mlde_ridge,24,current_fitness,0.8329
AMP@48.8,mlde_ridge,24,known_family_mean,0.6498
AMP@48.8,mlde_ridge,24,known_family_worst,0.6498
AMP@48.8,mlde_ridge,24,local_robustness,0.8879
AMP@48.8,mlde_ridge,24,neighbor_informative_frac,0.3743
AMP@48.8,mlde_ridge,24,dist_to_best,0.9568
AMP@48.8,mlde_ridge,24,n_better_neighbors,0.7431
AMP@48.8,mlde_ridge,24,local_ruggedness,0.7431
AMP@48.8,mlde_ridge,24,proxy_eov_today,0.5341
AMP@48.8,mlde_ridge,96,current_fitness,0.7941
AMP@48.8,mlde_ridge,96,known_family_mean,0.7941
AMP@48.8,mlde_ridge,96,known_family_worst,0.7941
AMP@48.8,mlde_ridge,96,local_robustness,1.015
AMP@48.8,mlde_ridge,96,neighbor_informative_frac,0.9951
AMP@48.8,mlde_ridge,96,dist_to_best,0.8679
AMP@48.8,mlde_ridge,96,n_better_neighbors,0.8809
AMP@48.8,mlde_ridge,96,local_ruggedness,0.8809
AMP@48.8,mlde_ridge,96,proxy_eov_today,0.6817
AMP@48.8,mlde_ridge,384,current_fitness,0.9661
AMP@48.8,mlde_ridge,384,known_family_mean,0.7681
AMP@48.8,mlde_ridge,384,known_family_worst,0.7681
AMP@48.8,mlde_ridge,384,local_robustness,0.9426
AMP@48.8,mlde_ridge,384,neighbor_informative_frac,0.7681
AMP@48.8,mlde_ridge,384,dist_to_best,0.9661
AMP@48.8,mlde_ridge,384,n_better_neighbors,0.7681
AMP@48.8,mlde_ridge,384,local_ruggedness,0.7681
AMP@48.8,mlde_ridge,384,proxy_eov_today,1.0
AMP@195.0,random,24,current_fitness,0.4031
AMP@195.0,random,24,known_family_mean,0.5183
AMP@195.0,random,24,known_family_worst,0.5183
AMP@195.0,random,24,local_robustness,0.6636
AMP@195.0,random,24,neighbor_informative_frac,0.6215
AMP@195.0,random,24,dist_to_best,0.5724
AMP@195.0,random,24,n_better_neighbors,0.3728
AMP@195.0,random,24,local_ruggedness,0.3728
AMP@195.0,random,24,proxy_eov_today,0.5768
AMP@195.0,random,96,current_fitness,0.7303
AMP@195.0,random,96,known_family_mean,0.8582
AMP@195.0,random,96,known_family_worst,0.8582
AMP@195.0,random,96,local_robustness,0.8873
AMP@195.0,random,96,neighbor_informative_frac,0.8627
AMP@195.0,random,96,dist_to_best,0.9145
AMP@195.0,random,96,n_better_neighbors,0.6264
AMP@195.0,random,96,local_ruggedness,0.6264
AMP@195.0,random,96,proxy_eov_today,0.6434
AMP@195.0,random,384,current_fitness,0.9451
AMP@195.0,random,384,known_family_mean,0.902
AMP@195.0,random,384,known_family_worst,0.902
AMP@195.0,random,384,local_robustness,0.8055
AMP@195.0,random,384,neighbor_informative_frac,0.8843
AMP@195.0,random,384,dist_to_best,0.8868
AMP@195.0,random,384,n_better_neighbors,0.9703
AMP@195.0,random,384,local_ruggedness,0.9703
AMP@195.0,random,384,proxy_eov_today,1.0271
AMP@195.0,greedy_ssm,24,current_fitness,0.06
AMP@195.0,greedy_ssm,24,known_family_mean,0.1568
AMP@195.0,greedy_ssm,24,known_family_worst,0.1568
AMP@195.0,greedy_ssm,24,local_robustness,0.1229
AMP@195.0,greedy_ssm,24,neighbor_informative_frac,0.2085
AMP@195.0,greedy_ssm,24,dist_to_best,0.0597
AMP@195.0,greedy_ssm,24,n_better_neighbors,0.2626
AMP@195.0,greedy_ssm,24,local_ruggedness,0.2626
AMP@195.0,greedy_ssm,24,proxy_eov_today,0.1497
AMP@195.0,greedy_ssm,96,current_fitness,0.1487
AMP@195.0,greedy_ssm,96,known_family_mean,0.2637
AMP@195.0,greedy_ssm,96,known_family_worst,0.2637
AMP@195.0,greedy_ssm,96,local_robustness,0.2774
AMP@195.0,greedy_ssm,96,neighbor_informative_frac,0.2125
AMP@195.0,greedy_ssm,96,dist_to_best,0.1479
AMP@195.0,greedy_ssm,96,n_better_neighbors,0.3335
AMP@195.0,greedy_ssm,96,local_ruggedness,0.3335
AMP@195.0,greedy_ssm,96,proxy_eov_today,0.3322
AMP@195.0,greedy_ssm,384,current_fitness,0.3944
AMP@195.0,greedy_ssm,384,known_family_mean,0.4762
AMP@195.0,greedy_ssm,384,known_family_worst,0.4762
AMP@195.0,greedy_ssm,384,local_robustness,0.486
AMP@195.0,greedy_ssm,384,neighbor_informative_frac,0.4398
AMP@195.0,greedy_ssm,384,dist_to_best,0.3939
AMP@195.0,greedy_ssm,384,n_better_neighbors,0.5259
AMP@195.0,greedy_ssm,384,local_ruggedness,0.5259
AMP@195.0,greedy_ssm,384,proxy_eov_today,0.4372
AMP@195.0,mlde_ridge,24,current_fitness,0.5107
AMP@195.0,mlde_ridge,24,known_family_mean,0.5349
AMP@195.0,mlde_ridge,24,known_family_worst,0.5349
AMP@195.0,mlde_ridge,24,local_robustness,0.8256
AMP@195.0,mlde_ridge,24,neighbor_informative_frac,0.8356
AMP@195.0,mlde_ridge,24,dist_to_best,0.8629
AMP@195.0,mlde_ridge,24,n_better_neighbors,0.7299
AMP@195.0,mlde_ridge,24,local_ruggedness,0.7299
AMP@195.0,mlde_ridge,24,proxy_eov_today,0.7548
AMP@195.0,mlde_ridge,96,current_fitness,0.5951
AMP@195.0,mlde_ridge,96,known_family_mean,0.9183
AMP@195.0,mlde_ridge,96,known_family_worst,0.9183
AMP@195.0,mlde_ridge,96,local_robustness,0.7239
AMP@195.0,mlde_ridge,96,neighbor_informative_frac,0.8905
AMP@195.0,mlde_ridge,96,dist_to_best,0.9129
AMP@195.0,mlde_ridge,96,n_better_neighbors,0.8703
AMP@195.0,mlde_ridge,96,local_ruggedness,0.8703
AMP@195.0,mlde_ridge,96,proxy_eov_today,0.8558
AMP@195.0,mlde_ridge,384,current_fitness,0.9822
AMP@195.0,mlde_ridge,384,known_family_mean,0.9822
AMP@195.0,mlde_ridge,384,known_family_worst,0.9822
AMP@195.0,mlde_ridge,384,local_robustness,0.9822
AMP@195.0,mlde_ridge,384,neighbor_informative_frac,0.9822
AMP@195.0,mlde_ridge,384,dist_to_best,0.9822
AMP@195.0,mlde_ridge,384,n_better_neighbors,0.9822
AMP@195.0,mlde_ridge,384,local_ruggedness,0.9822
AMP@195.0,mlde_ridge,384,proxy_eov_today,1.0
