dataset_id,task_id,role,graph_eligible,task_panel_eligible,future_task_eligible,boundary_status,boundary_evidence,ceiling_status,measurement_state_policy,n_groups,present_frac,exact_frac,censored_frac,boundary_ambiguous_frac,missing_frac,informative_fraction,usable_uncertainty,degree_topology,d_present_mean,d_informative_mean,source_hash,processed_hash,inclusion_exclusion_reason
Phillips2021_CR9114,fluB,single_task_control,True,False,False,explicit,assay_detection,not_reached,primary: only censored(censoring_evidence=explicit) treated as censored; no boundary_ambiguous rows in this task,65536,100.0,0.44,99.55,0.0,0.0,0.25,100.0,16,15.9995,0.04,cr9114.csv=ee31f8fc26fce2730d2ae772e7a095aa334b4c6c5d8e7fbfe4b4a5a1c9a794fe,b7f28640ec7855782e2f8b82768faf2f82e56e932224fb63e20a399f4f4d7878,informative_frac=0.25% < 50%（CL-9 主任务门槛）
Phillips2021_CR9114,h1,single_task_control,True,False,True,explicit,assay_detection,not_reached,primary: only censored(censoring_evidence=explicit) treated as censored; no boundary_ambiguous rows in this task,65536,99.33,98.66,0.67,0.0,0.67,95.77,99.33,16,15.8921,15.3228,cr9114.csv=ee31f8fc26fce2730d2ae772e7a095aa334b4c6c5d8e7fbfe4b4a5a1c9a794fe,b7f28640ec7855782e2f8b82768faf2f82e56e932224fb63e20a399f4f4d7878,结构上可作 future task（M4-pre gates pending: CL-5 task-similarity (Spearman rho <= 0.9) and C9 identifiability (G-FTI)）
Phillips2021_CR9114,h3,single_task_control,True,False,False,explicit,assay_detection,not_reached,primary: only censored(censoring_evidence=explicit) treated as censored; no boundary_ambiguous rows in this task,65536,100.0,11.3,88.69,0.0,0.0,9.68,100.0,16,15.9998,1.5488,cr9114.csv=ee31f8fc26fce2730d2ae772e7a095aa334b4c6c5d8e7fbfe4b4a5a1c9a794fe,b7f28640ec7855782e2f8b82768faf2f82e56e932224fb63e20a399f4f4d7878,informative_frac=9.68% < 50%（CL-9 主任务门槛）
Phillips2023_HA_CH65,G189E,strict_multi_task,True,False,True,inferred,assay_detection,not_reached,primary: only censored(censoring_evidence=explicit) treated as censored; no boundary_ambiguous rows in this task,65535,97.41,82.99,0.0,14.42,2.59,82.62,97.41,16,15.5859,13.2194,phillips2023.xlsx=f25dc119488fe1675a2ac8d69234512fd800054e9453d4271a6f3fe32d60b094,64f97245b715346690856cff8ee86a949ef91f1378fe187214df7b18cafc81b9,结构上可作 future task（M4-pre gates pending: CL-5 task-similarity (Spearman rho <= 0.9) and C9 identifiability (G-FTI)）
Phillips2023_HA_CH65,MA90,strict_multi_task,True,False,True,none,none,not_reached,primary: only censored(censoring_evidence=explicit) treated as censored; no boundary_ambiguous rows in this task,65535,99.99,99.99,0.0,0.0,0.01,99.99,99.99,16,15.9985,15.9985,phillips2023.xlsx=f25dc119488fe1675a2ac8d69234512fd800054e9453d4271a6f3fe32d60b094,64f97245b715346690856cff8ee86a949ef91f1378fe187214df7b18cafc81b9,结构上可作 future task（M4-pre gates pending: CL-5 task-similarity (Spearman rho <= 0.9) and C9 identifiability (G-FTI)）
Phillips2023_HA_CH65,SI06,strict_multi_task,True,False,False,inferred,assay_detection,not_reached,primary: only censored(censoring_evidence=explicit) treated as censored; no boundary_ambiguous rows in this task,65535,98.6,50.5,0.0,48.1,1.4,43.5,98.6,16,15.7761,6.9596,phillips2023.xlsx=f25dc119488fe1675a2ac8d69234512fd800054e9453d4271a6f3fe32d60b094,64f97245b715346690856cff8ee86a949ef91f1378fe187214df7b18cafc81b9,informative_frac=43.50% < 50%（CL-9 主任务门槛）
Phillips2023_HA_CH65,expression,strict_multi_task,True,False,False,none,none,not_reached,primary: only censored(censoring_evidence=explicit) treated as censored; no boundary_ambiguous rows in this task,65536,100.0,100.0,0.0,0.0,0.0,100.0,100.0,16,16.0,16.0,phillips2023.xlsx=f25dc119488fe1675a2ac8d69234512fd800054e9453d4271a6f3fe32d60b094,64f97245b715346690856cff8ee86a949ef91f1378fe187214df7b18cafc81b9,auxiliary modality: 不是 functional task（AMENDMENT-009 §4）→ 不作 future task
TEM-1CML,AMP,strict_multi_task,True,False,True,inferred,transformation,not_reached,primary: only censored(censoring_evidence=explicit) treated as censored; no boundary_ambiguous rows in this task,331764,100.0,99.84,0.0,0.16,0.0,99.23,100.0,18,17.999,17.1907,amp_auc_wide_df.parquet=d4107c7d90af4762c179fd9a2864cd790e4bf516692e7b3450c7ddfa1eaf29a4 | azt_auc_wide_df.parquet=bee045975896d8a2f140e010816f84cdf5872e4670d7d70a13e6e21f912323b2,f023424e416e7c69e91902ef95d343657323a6047a52a067664163efbf6ee6c6,结构上可作 future task（M4-pre gates pending: CL-5 task-similarity (Spearman rho <= 0.9) and C9 identifiability (G-FTI)）
TEM-1CML,AZT,strict_multi_task,True,False,True,inferred,transformation,not_reached,primary: only censored(censoring_evidence=explicit) treated as censored; no boundary_ambiguous rows in this task,442352,100.0,100.0,0.0,0.0,0.0,99.99,100.0,18,17.999,17.9958,amp_auc_wide_df.parquet=d4107c7d90af4762c179fd9a2864cd790e4bf516692e7b3450c7ddfa1eaf29a4 | azt_auc_wide_df.parquet=bee045975896d8a2f140e010816f84cdf5872e4670d7d70a13e6e21f912323b2,f023424e416e7c69e91902ef95d343657323a6047a52a067664163efbf6ee6c6,结构上可作 future task（M4-pre gates pending: CL-5 task-similarity (Spearman rho <= 0.9) and C9 identifiability (G-FTI)）
DAOx_multi_substrate,(not materialized in M2),task_panel,False,True,False,,,,primary: only censored(censoring_evidence=explicit) treated as censored; no boundary_ambiguous rows in this task,,,,,,,,,,,,not_available,not_available,boundary_status=empty：边界未定，不得产出边界删失
TEV_ProtRec,(not materialized in M2),task_panel,False,True,False,,,,primary: only censored(censoring_evidence=explicit) treated as censored; no boundary_ambiguous rows in this task,,,,,,,,,,,,not_available,not_available,boundary_status=empty：边界未定，不得产出边界删失
DAOx_multi_substrate,D-Ala,task_panel,False,True,False,unresolved,none,not_documented,primary: only censored(censoring_evidence=explicit) treated as censored; no boundary_ambiguous rows in this task,6417,1.0,,0,0,0,1.0,1.0,,,,not_available,not_available,task_panel：无合法 combinatorial neighborhood → 只允许 coverage 类输出，禁止任何 degree 字段（AMENDMENT-009 §5 / 011 §6.1）
DAOx_multi_substrate,D-Asn,task_panel,False,True,False,unresolved,none,not_documented,primary: only censored(censoring_evidence=explicit) treated as censored; no boundary_ambiguous rows in this task,6417,1.0,,0,0,0,1.0,1.0,,,,not_available,not_available,task_panel：无合法 combinatorial neighborhood → 只允许 coverage 类输出，禁止任何 degree 字段（AMENDMENT-009 §5 / 011 §6.1）
DAOx_multi_substrate,D-Gln,task_panel,False,True,False,unresolved,none,not_documented,primary: only censored(censoring_evidence=explicit) treated as censored; no boundary_ambiguous rows in this task,6417,1.0,,0,0,0,1.0,1.0,,,,not_available,not_available,task_panel：无合法 combinatorial neighborhood → 只允许 coverage 类输出，禁止任何 degree 字段（AMENDMENT-009 §5 / 011 §6.1）
DAOx_multi_substrate,D-Met,task_panel,False,True,False,unresolved,none,not_documented,primary: only censored(censoring_evidence=explicit) treated as censored; no boundary_ambiguous rows in this task,6417,1.0,,0,0,0,1.0,1.0,,,,not_available,not_available,task_panel：无合法 combinatorial neighborhood → 只允许 coverage 类输出，禁止任何 degree 字段（AMENDMENT-009 §5 / 011 §6.1）
DAOx_multi_substrate,D-Phe,task_panel,False,True,False,unresolved,none,not_documented,primary: only censored(censoring_evidence=explicit) treated as censored; no boundary_ambiguous rows in this task,6417,1.0,,0,0,0,1.0,1.0,,,,not_available,not_available,task_panel：无合法 combinatorial neighborhood → 只允许 coverage 类输出，禁止任何 degree 字段（AMENDMENT-009 §5 / 011 §6.1）
TEV_ProtRec,*NQYFQS,task_panel,False,True,False,unresolved,none,not_documented,primary: only censored(censoring_evidence=explicit) treated as censored; no boundary_ambiguous rows in this task,1,1.0,,0,0,0,0.0,0.0,,,,not_available,not_available,task_panel：无合法 combinatorial neighborhood → 只允许 coverage 类输出，禁止任何 degree 字段（AMENDMENT-009 §5 / 011 §6.1）
TEV_ProtRec,ANLYFNS,task_panel,False,True,False,unresolved,none,not_documented,primary: only censored(censoring_evidence=explicit) treated as censored; no boundary_ambiguous rows in this task,604,1.0,,0,0,0,0.0,0.0,,,,not_available,not_available,task_panel：无合法 combinatorial neighborhood → 只允许 coverage 类输出，禁止任何 degree 字段（AMENDMENT-009 §5 / 011 §6.1）
TEV_ProtRec,ANLYFQS,task_panel,False,True,False,unresolved,none,not_documented,primary: only censored(censoring_evidence=explicit) treated as censored; no boundary_ambiguous rows in this task,990,1.0,,0,0,0,0.0,0.0,,,,not_available,not_available,task_panel：无合法 combinatorial neighborhood → 只允许 coverage 类输出，禁止任何 degree 字段（AMENDMENT-009 §5 / 011 §6.1）
TEV_ProtRec,CNLYFQS,task_panel,False,True,False,unresolved,none,not_documented,primary: only censored(censoring_evidence=explicit) treated as censored; no boundary_ambiguous rows in this task,3134,1.0,,0,0,0,0.0,0.0,,,,not_available,not_available,task_panel：无合法 combinatorial neighborhood → 只允许 coverage 类输出，禁止任何 degree 字段（AMENDMENT-009 §5 / 011 §6.1）
TEV_ProtRec,DNLIFQS,task_panel,False,True,False,unresolved,none,not_documented,primary: only censored(censoring_evidence=explicit) treated as censored; no boundary_ambiguous rows in this task,510,1.0,,0,0,0,0.0,0.0,,,,not_available,not_available,task_panel：无合法 combinatorial neighborhood → 只允许 coverage 类输出，禁止任何 degree 字段（AMENDMENT-009 §5 / 011 §6.1）
TEV_ProtRec,DNLYFQS,task_panel,False,True,False,unresolved,none,not_documented,primary: only censored(censoring_evidence=explicit) treated as censored; no boundary_ambiguous rows in this task,2533,1.0,,0,0,0,0.0,0.0,,,,not_available,not_available,task_panel：无合法 combinatorial neighborhood → 只允许 coverage 类输出，禁止任何 degree 字段（AMENDMENT-009 §5 / 011 §6.1）
TEV_ProtRec,EALYFHS,task_panel,False,True,False,unresolved,none,not_documented,primary: only censored(censoring_evidence=explicit) treated as censored; no boundary_ambiguous rows in this task,292,1.0,,0,0,0,0.0,0.0,,,,not_available,not_available,task_panel：无合法 combinatorial neighborhood → 只允许 coverage 类输出，禁止任何 degree 字段（AMENDMENT-009 §5 / 011 §6.1）
TEV_ProtRec,EALYFQS,task_panel,False,True,False,unresolved,none,not_documented,primary: only censored(censoring_evidence=explicit) treated as censored; no boundary_ambiguous rows in this task,2771,1.0,,0,0,0,0.0,0.0,,,,not_available,not_available,task_panel：无合法 combinatorial neighborhood → 只允许 coverage 类输出，禁止任何 degree 字段（AMENDMENT-009 §5 / 011 §6.1）
TEV_ProtRec,ECLYFQS,task_panel,False,True,False,unresolved,none,not_documented,primary: only censored(censoring_evidence=explicit) treated as censored; no boundary_ambiguous rows in this task,3570,1.0,,0,0,0,0.0,0.0,,,,not_available,not_available,task_panel：无合法 combinatorial neighborhood → 只允许 coverage 类输出，禁止任何 degree 字段（AMENDMENT-009 §5 / 011 §6.1）
TEV_ProtRec,EDLYFQS,task_panel,False,True,False,unresolved,none,not_documented,primary: only censored(censoring_evidence=explicit) treated as censored; no boundary_ambiguous rows in this task,2618,1.0,,0,0,0,0.0,0.0,,,,not_available,not_available,task_panel：无合法 combinatorial neighborhood → 只允许 coverage 类输出，禁止任何 degree 字段（AMENDMENT-009 §5 / 011 §6.1）
TEV_ProtRec,EDLYSQS,task_panel,False,True,False,unresolved,none,not_documented,primary: only censored(censoring_evidence=explicit) treated as censored; no boundary_ambiguous rows in this task,761,1.0,,0,0,0,0.0,0.0,,,,not_available,not_available,task_panel：无合法 combinatorial neighborhood → 只允许 coverage 类输出，禁止任何 degree 字段（AMENDMENT-009 §5 / 011 §6.1）
TEV_ProtRec,EELCFQS,task_panel,False,True,False,unresolved,none,not_documented,primary: only censored(censoring_evidence=explicit) treated as censored; no boundary_ambiguous rows in this task,575,1.0,,0,0,0,0.0,0.0,,,,not_available,not_available,task_panel：无合法 combinatorial neighborhood → 只允许 coverage 类输出，禁止任何 degree 字段（AMENDMENT-009 §5 / 011 §6.1）
TEV_ProtRec,EELYFQS,task_panel,False,True,False,unresolved,none,not_documented,primary: only censored(censoring_evidence=explicit) treated as censored; no boundary_ambiguous rows in this task,3112,1.0,,0,0,0,0.0,0.0,,,,not_available,not_available,task_panel：无合法 combinatorial neighborhood → 只允许 coverage 类输出，禁止任何 degree 字段（AMENDMENT-009 §5 / 011 §6.1）
TEV_ProtRec,EFLYFQN,task_panel,False,True,False,unresolved,none,not_documented,primary: only censored(censoring_evidence=explicit) treated as censored; no boundary_ambiguous rows in this task,593,1.0,,0,0,0,0.0,0.0,,,,not_available,not_available,task_panel：无合法 combinatorial neighborhood → 只允许 coverage 类输出，禁止任何 degree 字段（AMENDMENT-009 §5 / 011 §6.1）
TEV_ProtRec,EFLYFQS,task_panel,False,True,False,unresolved,none,not_documented,primary: only censored(censoring_evidence=explicit) treated as censored; no boundary_ambiguous rows in this task,1668,1.0,,0,0,0,0.0,0.0,,,,not_available,not_available,task_panel：无合法 combinatorial neighborhood → 只允许 coverage 类输出，禁止任何 degree 字段（AMENDMENT-009 §5 / 011 §6.1）
TEV_ProtRec,EGLYFQS,task_panel,False,True,False,unresolved,none,not_documented,primary: only censored(censoring_evidence=explicit) treated as censored; no boundary_ambiguous rows in this task,2573,1.0,,0,0,0,0.0,0.0,,,,not_available,not_available,task_panel：无合法 combinatorial neighborhood → 只允许 coverage 类输出，禁止任何 degree 字段（AMENDMENT-009 §5 / 011 §6.1）
TEV_ProtRec,EHLYFQS,task_panel,False,True,False,unresolved,none,not_documented,primary: only censored(censoring_evidence=explicit) treated as censored; no boundary_ambiguous rows in this task,2513,1.0,,0,0,0,0.0,0.0,,,,not_available,not_available,task_panel：无合法 combinatorial neighborhood → 只允许 coverage 类输出，禁止任何 degree 字段（AMENDMENT-009 §5 / 011 §6.1）
TEV_ProtRec,EHLYSQS,task_panel,False,True,False,unresolved,none,not_documented,primary: only censored(censoring_evidence=explicit) treated as censored; no boundary_ambiguous rows in this task,1780,1.0,,0,0,0,0.0,0.0,,,,not_available,not_available,task_panel：无合法 combinatorial neighborhood → 只允许 coverage 类输出，禁止任何 degree 字段（AMENDMENT-009 §5 / 011 §6.1）
TEV_ProtRec,EILYFQS,task_panel,False,True,False,unresolved,none,not_documented,primary: only censored(censoring_evidence=explicit) treated as censored; no boundary_ambiguous rows in this task,3596,1.0,,0,0,0,0.0,0.0,,,,not_available,not_available,task_panel：无合法 combinatorial neighborhood → 只允许 coverage 类输出，禁止任何 degree 字段（AMENDMENT-009 §5 / 011 §6.1）
TEV_ProtRec,EKLYFQS,task_panel,False,True,False,unresolved,none,not_documented,primary: only censored(censoring_evidence=explicit) treated as censored; no boundary_ambiguous rows in this task,3185,1.0,,0,0,0,0.0,0.0,,,,not_available,not_available,task_panel：无合法 combinatorial neighborhood → 只允许 coverage 类输出，禁止任何 degree 字段（AMENDMENT-009 §5 / 011 §6.1）
TEV_ProtRec,ELLYFQS,task_panel,False,True,False,unresolved,none,not_documented,primary: only censored(censoring_evidence=explicit) treated as censored; no boundary_ambiguous rows in this task,2793,1.0,,0,0,0,0.0,0.0,,,,not_available,not_available,task_panel：无合法 combinatorial neighborhood → 只允许 coverage 类输出，禁止任何 degree 字段（AMENDMENT-009 §5 / 011 §6.1）
TEV_ProtRec,EMLYFQS,task_panel,False,True,False,unresolved,none,not_documented,primary: only censored(censoring_evidence=explicit) treated as censored; no boundary_ambiguous rows in this task,2954,1.0,,0,0,0,0.0,0.0,,,,not_available,not_available,task_panel：无合法 combinatorial neighborhood → 只允许 coverage 类输出，禁止任何 degree 字段（AMENDMENT-009 §5 / 011 §6.1）
TEV_ProtRec,ENAYFQS,task_panel,False,True,False,unresolved,none,not_documented,primary: only censored(censoring_evidence=explicit) treated as censored; no boundary_ambiguous rows in this task,3449,1.0,,0,0,0,0.0,0.0,,,,not_available,not_available,task_panel：无合法 combinatorial neighborhood → 只允许 coverage 类输出，禁止任何 degree 字段（AMENDMENT-009 §5 / 011 §6.1）
TEV_ProtRec,ENCYFQS,task_panel,False,True,False,unresolved,none,not_documented,primary: only censored(censoring_evidence=explicit) treated as censored; no boundary_ambiguous rows in this task,3315,1.0,,0,0,0,0.0,0.0,,,,not_available,not_available,task_panel：无合法 combinatorial neighborhood → 只允许 coverage 类输出，禁止任何 degree 字段（AMENDMENT-009 §5 / 011 §6.1）
TEV_ProtRec,ENDYFQS,task_panel,False,True,False,unresolved,none,not_documented,primary: only censored(censoring_evidence=explicit) treated as censored; no boundary_ambiguous rows in this task,3902,1.0,,0,0,0,0.0,0.0,,,,not_available,not_available,task_panel：无合法 combinatorial neighborhood → 只允许 coverage 类输出，禁止任何 degree 字段（AMENDMENT-009 §5 / 011 §6.1）
TEV_ProtRec,ENEYFQS,task_panel,False,True,False,unresolved,none,not_documented,primary: only censored(censoring_evidence=explicit) treated as censored; no boundary_ambiguous rows in this task,3725,1.0,,0,0,0,0.0,0.0,,,,not_available,not_available,task_panel：无合法 combinatorial neighborhood → 只允许 coverage 类输出，禁止任何 degree 字段（AMENDMENT-009 §5 / 011 §6.1）
TEV_ProtRec,ENFYFQS,task_panel,False,True,False,unresolved,none,not_documented,primary: only censored(censoring_evidence=explicit) treated as censored; no boundary_ambiguous rows in this task,3352,1.0,,0,0,0,0.0,0.0,,,,not_available,not_available,task_panel：无合法 combinatorial neighborhood → 只允许 coverage 类输出，禁止任何 degree 字段（AMENDMENT-009 §5 / 011 §6.1）
TEV_ProtRec,ENGYFQS,task_panel,False,True,False,unresolved,none,not_documented,primary: only censored(censoring_evidence=explicit) treated as censored; no boundary_ambiguous rows in this task,2999,1.0,,0,0,0,0.0,0.0,,,,not_available,not_available,task_panel：无合法 combinatorial neighborhood → 只允许 coverage 类输出，禁止任何 degree 字段（AMENDMENT-009 §5 / 011 §6.1）
TEV_ProtRec,ENHYFQS,task_panel,False,True,False,unresolved,none,not_documented,primary: only censored(censoring_evidence=explicit) treated as censored; no boundary_ambiguous rows in this task,2892,1.0,,0,0,0,0.0,0.0,,,,not_available,not_available,task_panel：无合法 combinatorial neighborhood → 只允许 coverage 类输出，禁止任何 degree 字段（AMENDMENT-009 §5 / 011 §6.1）
TEV_ProtRec,ENIYFIS,task_panel,False,True,False,unresolved,none,not_documented,primary: only censored(censoring_evidence=explicit) treated as censored; no boundary_ambiguous rows in this task,794,1.0,,0,0,0,0.0,0.0,,,,not_available,not_available,task_panel：无合法 combinatorial neighborhood → 只允许 coverage 类输出，禁止任何 degree 字段（AMENDMENT-009 §5 / 011 §6.1）
TEV_ProtRec,ENIYFQS,task_panel,False,True,False,unresolved,none,not_documented,primary: only censored(censoring_evidence=explicit) treated as censored; no boundary_ambiguous rows in this task,2292,1.0,,0,0,0,0.0,0.0,,,,not_available,not_available,task_panel：无合法 combinatorial neighborhood → 只允许 coverage 类输出，禁止任何 degree 字段（AMENDMENT-009 §5 / 011 §6.1）
TEV_ProtRec,ENKYFQS,task_panel,False,True,False,unresolved,none,not_documented,primary: only censored(censoring_evidence=explicit) treated as censored; no boundary_ambiguous rows in this task,2405,1.0,,0,0,0,0.0,0.0,,,,not_available,not_available,task_panel：无合法 combinatorial neighborhood → 只允许 coverage 类输出，禁止任何 degree 字段（AMENDMENT-009 §5 / 011 §6.1）
TEV_ProtRec,ENLAFQS,task_panel,False,True,False,unresolved,none,not_documented,primary: only censored(censoring_evidence=explicit) treated as censored; no boundary_ambiguous rows in this task,2574,1.0,,0,0,0,0.0,0.0,,,,not_available,not_available,task_panel：无合法 combinatorial neighborhood → 只允许 coverage 类输出，禁止任何 degree 字段（AMENDMENT-009 §5 / 011 §6.1）
TEV_ProtRec,ENLCFQS,task_panel,False,True,False,unresolved,none,not_documented,primary: only censored(censoring_evidence=explicit) treated as censored; no boundary_ambiguous rows in this task,2422,1.0,,0,0,0,0.0,0.0,,,,not_available,not_available,task_panel：无合法 combinatorial neighborhood → 只允许 coverage 类输出，禁止任何 degree 字段（AMENDMENT-009 §5 / 011 §6.1）
TEV_ProtRec,ENLCFRG,task_panel,False,True,False,unresolved,none,not_documented,primary: only censored(censoring_evidence=explicit) treated as censored; no boundary_ambiguous rows in this task,674,1.0,,0,0,0,0.0,0.0,,,,not_available,not_available,task_panel：无合法 combinatorial neighborhood → 只允许 coverage 类输出，禁止任何 degree 字段（AMENDMENT-009 §5 / 011 §6.1）
TEV_ProtRec,ENLDFQS,task_panel,False,True,False,unresolved,none,not_documented,primary: only censored(censoring_evidence=explicit) treated as censored; no boundary_ambiguous rows in this task,3999,1.0,,0,0,0,0.0,0.0,,,,not_available,not_available,task_panel：无合法 combinatorial neighborhood → 只允许 coverage 类输出，禁止任何 degree 字段（AMENDMENT-009 §5 / 011 §6.1）
TEV_ProtRec,ENLEFQS,task_panel,False,True,False,unresolved,none,not_documented,primary: only censored(censoring_evidence=explicit) treated as censored; no boundary_ambiguous rows in this task,3200,1.0,,0,0,0,0.0,0.0,,,,not_available,not_available,task_panel：无合法 combinatorial neighborhood → 只允许 coverage 类输出，禁止任何 degree 字段（AMENDMENT-009 §5 / 011 §6.1）
TEV_ProtRec,ENLFFQS,task_panel,False,True,False,unresolved,none,not_documented,primary: only censored(censoring_evidence=explicit) treated as censored; no boundary_ambiguous rows in this task,4120,1.0,,0,0,0,0.0,0.0,,,,not_available,not_available,task_panel：无合法 combinatorial neighborhood → 只允许 coverage 类输出，禁止任何 degree 字段（AMENDMENT-009 §5 / 011 §6.1）
TEV_ProtRec,ENLGFQS,task_panel,False,True,False,unresolved,none,not_documented,primary: only censored(censoring_evidence=explicit) treated as censored; no boundary_ambiguous rows in this task,1717,1.0,,0,0,0,0.0,0.0,,,,not_available,not_available,task_panel：无合法 combinatorial neighborhood → 只允许 coverage 类输出，禁止任何 degree 字段（AMENDMENT-009 §5 / 011 §6.1）
TEV_ProtRec,ENLHFQS,task_panel,False,True,False,unresolved,none,not_documented,primary: only censored(censoring_evidence=explicit) treated as censored; no boundary_ambiguous rows in this task,3470,1.0,,0,0,0,0.0,0.0,,,,not_available,not_available,task_panel：无合法 combinatorial neighborhood → 只允许 coverage 类输出，禁止任何 degree 字段（AMENDMENT-009 §5 / 011 §6.1）
TEV_ProtRec,ENLIFQS,task_panel,False,True,False,unresolved,none,not_documented,primary: only censored(censoring_evidence=explicit) treated as censored; no boundary_ambiguous rows in this task,2871,1.0,,0,0,0,0.0,0.0,,,,not_available,not_available,task_panel：无合法 combinatorial neighborhood → 只允许 coverage 类输出，禁止任何 degree 字段（AMENDMENT-009 §5 / 011 §6.1）
TEV_ProtRec,ENLKFQS,task_panel,False,True,False,unresolved,none,not_documented,primary: only censored(censoring_evidence=explicit) treated as censored; no boundary_ambiguous rows in this task,3821,1.0,,0,0,0,0.0,0.0,,,,not_available,not_available,task_panel：无合法 combinatorial neighborhood → 只允许 coverage 类输出，禁止任何 degree 字段（AMENDMENT-009 §5 / 011 §6.1）
TEV_ProtRec,ENLLFQS,task_panel,False,True,False,unresolved,none,not_documented,primary: only censored(censoring_evidence=explicit) treated as censored; no boundary_ambiguous rows in this task,2573,1.0,,0,0,0,0.0,0.0,,,,not_available,not_available,task_panel：无合法 combinatorial neighborhood → 只允许 coverage 类输出，禁止任何 degree 字段（AMENDMENT-009 §5 / 011 §6.1）
TEV_ProtRec,ENLMFQS,task_panel,False,True,False,unresolved,none,not_documented,primary: only censored(censoring_evidence=explicit) treated as censored; no boundary_ambiguous rows in this task,2224,1.0,,0,0,0,0.0,0.0,,,,not_available,not_available,task_panel：无合法 combinatorial neighborhood → 只允许 coverage 类输出，禁止任何 degree 字段（AMENDMENT-009 §5 / 011 §6.1）
TEV_ProtRec,ENLNFQS,task_panel,False,True,False,unresolved,none,not_documented,primary: only censored(censoring_evidence=explicit) treated as censored; no boundary_ambiguous rows in this task,3883,1.0,,0,0,0,0.0,0.0,,,,not_available,not_available,task_panel：无合法 combinatorial neighborhood → 只允许 coverage 类输出，禁止任何 degree 字段（AMENDMENT-009 §5 / 011 §6.1）
TEV_ProtRec,ENLPFQS,task_panel,False,True,False,unresolved,none,not_documented,primary: only censored(censoring_evidence=explicit) treated as censored; no boundary_ambiguous rows in this task,3256,1.0,,0,0,0,0.0,0.0,,,,not_available,not_available,task_panel：无合法 combinatorial neighborhood → 只允许 coverage 类输出，禁止任何 degree 字段（AMENDMENT-009 §5 / 011 §6.1）
TEV_ProtRec,ENLQFQS,task_panel,False,True,False,unresolved,none,not_documented,primary: only censored(censoring_evidence=explicit) treated as censored; no boundary_ambiguous rows in this task,2726,1.0,,0,0,0,0.0,0.0,,,,not_available,not_available,task_panel：无合法 combinatorial neighborhood → 只允许 coverage 类输出，禁止任何 degree 字段（AMENDMENT-009 §5 / 011 §6.1）
TEV_ProtRec,ENLRFQS,task_panel,False,True,False,unresolved,none,not_documented,primary: only censored(censoring_evidence=explicit) treated as censored; no boundary_ambiguous rows in this task,2835,1.0,,0,0,0,0.0,0.0,,,,not_available,not_available,task_panel：无合法 combinatorial neighborhood → 只允许 coverage 类输出，禁止任何 degree 字段（AMENDMENT-009 §5 / 011 §6.1）
TEV_ProtRec,ENLSFKS,task_panel,False,True,False,unresolved,none,not_documented,primary: only censored(censoring_evidence=explicit) treated as censored; no boundary_ambiguous rows in this task,9,1.0,,0,0,0,0.0,0.0,,,,not_available,not_available,task_panel：无合法 combinatorial neighborhood → 只允许 coverage 类输出，禁止任何 degree 字段（AMENDMENT-009 §5 / 011 §6.1）
TEV_ProtRec,ENLSFQS,task_panel,False,True,False,unresolved,none,not_documented,primary: only censored(censoring_evidence=explicit) treated as censored; no boundary_ambiguous rows in this task,3418,1.0,,0,0,0,0.0,0.0,,,,not_available,not_available,task_panel：无合法 combinatorial neighborhood → 只允许 coverage 类输出，禁止任何 degree 字段（AMENDMENT-009 §5 / 011 §6.1）
TEV_ProtRec,ENLTFQS,task_panel,False,True,False,unresolved,none,not_documented,primary: only censored(censoring_evidence=explicit) treated as censored; no boundary_ambiguous rows in this task,874,1.0,,0,0,0,0.0,0.0,,,,not_available,not_available,task_panel：无合法 combinatorial neighborhood → 只允许 coverage 类输出，禁止任何 degree 字段（AMENDMENT-009 §5 / 011 §6.1）
TEV_ProtRec,ENLVFQS,task_panel,False,True,False,unresolved,none,not_documented,primary: only censored(censoring_evidence=explicit) treated as censored; no boundary_ambiguous rows in this task,1946,1.0,,0,0,0,0.0,0.0,,,,not_available,not_available,task_panel：无合法 combinatorial neighborhood → 只允许 coverage 类输出，禁止任何 degree 字段（AMENDMENT-009 §5 / 011 §6.1）
TEV_ProtRec,ENLWFQS,task_panel,False,True,False,unresolved,none,not_documented,primary: only censored(censoring_evidence=explicit) treated as censored; no boundary_ambiguous rows in this task,2514,1.0,,0,0,0,0.0,0.0,,,,not_available,not_available,task_panel：无合法 combinatorial neighborhood → 只允许 coverage 类输出，禁止任何 degree 字段（AMENDMENT-009 §5 / 011 §6.1）
TEV_ProtRec,ENLYAQS,task_panel,False,True,False,unresolved,none,not_documented,primary: only censored(censoring_evidence=explicit) treated as censored; no boundary_ambiguous rows in this task,2069,1.0,,0,0,0,0.0,0.0,,,,not_available,not_available,task_panel：无合法 combinatorial neighborhood → 只允许 coverage 类输出，禁止任何 degree 字段（AMENDMENT-009 §5 / 011 §6.1）
TEV_ProtRec,ENLYCQS,task_panel,False,True,False,unresolved,none,not_documented,primary: only censored(censoring_evidence=explicit) treated as censored; no boundary_ambiguous rows in this task,1653,1.0,,0,0,0,0.0,0.0,,,,not_available,not_available,task_panel：无合法 combinatorial neighborhood → 只允许 coverage 类输出，禁止任何 degree 字段（AMENDMENT-009 §5 / 011 §6.1）
TEV_ProtRec,ENLYDQS,task_panel,False,True,False,unresolved,none,not_documented,primary: only censored(censoring_evidence=explicit) treated as censored; no boundary_ambiguous rows in this task,3431,1.0,,0,0,0,0.0,0.0,,,,not_available,not_available,task_panel：无合法 combinatorial neighborhood → 只允许 coverage 类输出，禁止任何 degree 字段（AMENDMENT-009 §5 / 011 §6.1）
TEV_ProtRec,ENLYEQS,task_panel,False,True,False,unresolved,none,not_documented,primary: only censored(censoring_evidence=explicit) treated as censored; no boundary_ambiguous rows in this task,3963,1.0,,0,0,0,0.0,0.0,,,,not_available,not_available,task_panel：无合法 combinatorial neighborhood → 只允许 coverage 类输出，禁止任何 degree 字段（AMENDMENT-009 §5 / 011 §6.1）
TEV_ProtRec,ENLYFAS,task_panel,False,True,False,unresolved,none,not_documented,primary: only censored(censoring_evidence=explicit) treated as censored; no boundary_ambiguous rows in this task,2858,1.0,,0,0,0,0.0,0.0,,,,not_available,not_available,task_panel：无合法 combinatorial neighborhood → 只允许 coverage 类输出，禁止任何 degree 字段（AMENDMENT-009 §5 / 011 §6.1）
TEV_ProtRec,ENLYFCS,task_panel,False,True,False,unresolved,none,not_documented,primary: only censored(censoring_evidence=explicit) treated as censored; no boundary_ambiguous rows in this task,2989,1.0,,0,0,0,0.0,0.0,,,,not_available,not_available,task_panel：无合法 combinatorial neighborhood → 只允许 coverage 类输出，禁止任何 degree 字段（AMENDMENT-009 §5 / 011 §6.1）
TEV_ProtRec,ENLYFDS,task_panel,False,True,False,unresolved,none,not_documented,primary: only censored(censoring_evidence=explicit) treated as censored; no boundary_ambiguous rows in this task,2228,1.0,,0,0,0,0.0,0.0,,,,not_available,not_available,task_panel：无合法 combinatorial neighborhood → 只允许 coverage 类输出，禁止任何 degree 字段（AMENDMENT-009 §5 / 011 §6.1）
TEV_ProtRec,ENLYFES,task_panel,False,True,False,unresolved,none,not_documented,primary: only censored(censoring_evidence=explicit) treated as censored; no boundary_ambiguous rows in this task,3544,1.0,,0,0,0,0.0,0.0,,,,not_available,not_available,task_panel：无合法 combinatorial neighborhood → 只允许 coverage 类输出，禁止任何 degree 字段（AMENDMENT-009 §5 / 011 §6.1）
TEV_ProtRec,ENLYFFS,task_panel,False,True,False,unresolved,none,not_documented,primary: only censored(censoring_evidence=explicit) treated as censored; no boundary_ambiguous rows in this task,3826,1.0,,0,0,0,0.0,0.0,,,,not_available,not_available,task_panel：无合法 combinatorial neighborhood → 只允许 coverage 类输出，禁止任何 degree 字段（AMENDMENT-009 §5 / 011 §6.1）
TEV_ProtRec,ENLYFGS,task_panel,False,True,False,unresolved,none,not_documented,primary: only censored(censoring_evidence=explicit) treated as censored; no boundary_ambiguous rows in this task,2188,1.0,,0,0,0,0.0,0.0,,,,not_available,not_available,task_panel：无合法 combinatorial neighborhood → 只允许 coverage 类输出，禁止任何 degree 字段（AMENDMENT-009 §5 / 011 §6.1）
TEV_ProtRec,ENLYFHS,task_panel,False,True,False,unresolved,none,not_documented,primary: only censored(censoring_evidence=explicit) treated as censored; no boundary_ambiguous rows in this task,2602,1.0,,0,0,0,0.0,0.0,,,,not_available,not_available,task_panel：无合法 combinatorial neighborhood → 只允许 coverage 类输出，禁止任何 degree 字段（AMENDMENT-009 §5 / 011 §6.1）
TEV_ProtRec,ENLYFIS,task_panel,False,True,False,unresolved,none,not_documented,primary: only censored(censoring_evidence=explicit) treated as censored; no boundary_ambiguous rows in this task,4345,1.0,,0,0,0,0.0,0.0,,,,not_available,not_available,task_panel：无合法 combinatorial neighborhood → 只允许 coverage 类输出，禁止任何 degree 字段（AMENDMENT-009 §5 / 011 §6.1）
TEV_ProtRec,ENLYFKS,task_panel,False,True,False,unresolved,none,not_documented,primary: only censored(censoring_evidence=explicit) treated as censored; no boundary_ambiguous rows in this task,2959,1.0,,0,0,0,0.0,0.0,,,,not_available,not_available,task_panel：无合法 combinatorial neighborhood → 只允许 coverage 类输出，禁止任何 degree 字段（AMENDMENT-009 §5 / 011 §6.1）
TEV_ProtRec,ENLYFLS,task_panel,False,True,False,unresolved,none,not_documented,primary: only censored(censoring_evidence=explicit) treated as censored; no boundary_ambiguous rows in this task,2280,1.0,,0,0,0,0.0,0.0,,,,not_available,not_available,task_panel：无合法 combinatorial neighborhood → 只允许 coverage 类输出，禁止任何 degree 字段（AMENDMENT-009 §5 / 011 §6.1）
TEV_ProtRec,ENLYFMS,task_panel,False,True,False,unresolved,none,not_documented,primary: only censored(censoring_evidence=explicit) treated as censored; no boundary_ambiguous rows in this task,4022,1.0,,0,0,0,0.0,0.0,,,,not_available,not_available,task_panel：无合法 combinatorial neighborhood → 只允许 coverage 类输出，禁止任何 degree 字段（AMENDMENT-009 §5 / 011 §6.1）
TEV_ProtRec,ENLYFNS,task_panel,False,True,False,unresolved,none,not_documented,primary: only censored(censoring_evidence=explicit) treated as censored; no boundary_ambiguous rows in this task,3065,1.0,,0,0,0,0.0,0.0,,,,not_available,not_available,task_panel：无合法 combinatorial neighborhood → 只允许 coverage 类输出，禁止任何 degree 字段（AMENDMENT-009 §5 / 011 §6.1）
TEV_ProtRec,ENLYFPS,task_panel,False,True,False,unresolved,none,not_documented,primary: only censored(censoring_evidence=explicit) treated as censored; no boundary_ambiguous rows in this task,4054,1.0,,0,0,0,0.0,0.0,,,,not_available,not_available,task_panel：无合法 combinatorial neighborhood → 只允许 coverage 类输出，禁止任何 degree 字段（AMENDMENT-009 §5 / 011 §6.1）
TEV_ProtRec,ENLYFQ*,task_panel,False,True,False,unresolved,none,not_documented,primary: only censored(censoring_evidence=explicit) treated as censored; no boundary_ambiguous rows in this task,3059,1.0,,0,0,0,0.0,0.0,,,,not_available,not_available,task_panel：无合法 combinatorial neighborhood → 只允许 coverage 类输出，禁止任何 degree 字段（AMENDMENT-009 §5 / 011 §6.1）
TEV_ProtRec,ENLYFQA,task_panel,False,True,False,unresolved,none,not_documented,primary: only censored(censoring_evidence=explicit) treated as censored; no boundary_ambiguous rows in this task,34378,1.0,,0,0,0,0.3844,0.3844,,,,not_available,not_available,task_panel：无合法 combinatorial neighborhood → 只允许 coverage 类输出，禁止任何 degree 字段（AMENDMENT-009 §5 / 011 §6.1）
TEV_ProtRec,ENLYFQC,task_panel,False,True,False,unresolved,none,not_documented,primary: only censored(censoring_evidence=explicit) treated as censored; no boundary_ambiguous rows in this task,32174,1.0,,0,0,0,0.4042,0.4042,,,,not_available,not_available,task_panel：无合法 combinatorial neighborhood → 只允许 coverage 类输出，禁止任何 degree 字段（AMENDMENT-009 §5 / 011 §6.1）
TEV_ProtRec,ENLYFQD,task_panel,False,True,False,unresolved,none,not_documented,primary: only censored(censoring_evidence=explicit) treated as censored; no boundary_ambiguous rows in this task,37498,1.0,,0,0,0,0.3831,0.3831,,,,not_available,not_available,task_panel：无合法 combinatorial neighborhood → 只允许 coverage 类输出，禁止任何 degree 字段（AMENDMENT-009 §5 / 011 §6.1）
TEV_ProtRec,ENLYFQE,task_panel,False,True,False,unresolved,none,not_documented,primary: only censored(censoring_evidence=explicit) treated as censored; no boundary_ambiguous rows in this task,33832,1.0,,0,0,0,0.3794,0.3794,,,,not_available,not_available,task_panel：无合法 combinatorial neighborhood → 只允许 coverage 类输出，禁止任何 degree 字段（AMENDMENT-009 §5 / 011 §6.1）
TEV_ProtRec,ENLYFQF,task_panel,False,True,False,unresolved,none,not_documented,primary: only censored(censoring_evidence=explicit) treated as censored; no boundary_ambiguous rows in this task,29606,1.0,,0,0,0,0.4126,0.4126,,,,not_available,not_available,task_panel：无合法 combinatorial neighborhood → 只允许 coverage 类输出，禁止任何 degree 字段（AMENDMENT-009 §5 / 011 §6.1）
TEV_ProtRec,ENLYFQG,task_panel,False,True,False,unresolved,none,not_documented,primary: only censored(censoring_evidence=explicit) treated as censored; no boundary_ambiguous rows in this task,36391,1.0,,0,0,0,0.4025,0.4025,,,,not_available,not_available,task_panel：无合法 combinatorial neighborhood → 只允许 coverage 类输出，禁止任何 degree 字段（AMENDMENT-009 §5 / 011 §6.1）
TEV_ProtRec,ENLYFQH,task_panel,False,True,False,unresolved,none,not_documented,primary: only censored(censoring_evidence=explicit) treated as censored; no boundary_ambiguous rows in this task,30510,1.0,,0,0,0,0.4121,0.4121,,,,not_available,not_available,task_panel：无合法 combinatorial neighborhood → 只允许 coverage 类输出，禁止任何 degree 字段（AMENDMENT-009 §5 / 011 §6.1）
TEV_ProtRec,ENLYFQI,task_panel,False,True,False,unresolved,none,not_documented,primary: only censored(censoring_evidence=explicit) treated as censored; no boundary_ambiguous rows in this task,35413,1.0,,0,0,0,0.3988,0.3988,,,,not_available,not_available,task_panel：无合法 combinatorial neighborhood → 只允许 coverage 类输出，禁止任何 degree 字段（AMENDMENT-009 §5 / 011 §6.1）
TEV_ProtRec,ENLYFQK,task_panel,False,True,False,unresolved,none,not_documented,primary: only censored(censoring_evidence=explicit) treated as censored; no boundary_ambiguous rows in this task,39496,1.0,,0,0,0,0.2535,0.2535,,,,not_available,not_available,task_panel：无合法 combinatorial neighborhood → 只允许 coverage 类输出，禁止任何 degree 字段（AMENDMENT-009 §5 / 011 §6.1）
TEV_ProtRec,ENLYFQL,task_panel,False,True,False,unresolved,none,not_documented,primary: only censored(censoring_evidence=explicit) treated as censored; no boundary_ambiguous rows in this task,33563,1.0,,0,0,0,0.4038,0.4038,,,,not_available,not_available,task_panel：无合法 combinatorial neighborhood → 只允许 coverage 类输出，禁止任何 degree 字段（AMENDMENT-009 §5 / 011 §6.1）
TEV_ProtRec,ENLYFQM,task_panel,False,True,False,unresolved,none,not_documented,primary: only censored(censoring_evidence=explicit) treated as censored; no boundary_ambiguous rows in this task,31004,1.0,,0,0,0,0.3274,0.3274,,,,not_available,not_available,task_panel：无合法 combinatorial neighborhood → 只允许 coverage 类输出，禁止任何 degree 字段（AMENDMENT-009 §5 / 011 §6.1）
TEV_ProtRec,ENLYFQN,task_panel,False,True,False,unresolved,none,not_documented,primary: only censored(censoring_evidence=explicit) treated as censored; no boundary_ambiguous rows in this task,30648,1.0,,0,0,0,0.2687,0.2687,,,,not_available,not_available,task_panel：无合法 combinatorial neighborhood → 只允许 coverage 类输出，禁止任何 degree 字段（AMENDMENT-009 §5 / 011 §6.1）
TEV_ProtRec,ENLYFQP,task_panel,False,True,False,unresolved,none,not_documented,primary: only censored(censoring_evidence=explicit) treated as censored; no boundary_ambiguous rows in this task,30999,1.0,,0,0,0,0.4099,0.4099,,,,not_available,not_available,task_panel：无合法 combinatorial neighborhood → 只允许 coverage 类输出，禁止任何 degree 字段（AMENDMENT-009 §5 / 011 §6.1）
TEV_ProtRec,ENLYFQQ,task_panel,False,True,False,unresolved,none,not_documented,primary: only censored(censoring_evidence=explicit) treated as censored; no boundary_ambiguous rows in this task,29157,1.0,,0,0,0,0.4061,0.4061,,,,not_available,not_available,task_panel：无合法 combinatorial neighborhood → 只允许 coverage 类输出，禁止任何 degree 字段（AMENDMENT-009 §5 / 011 §6.1）
TEV_ProtRec,ENLYFQR,task_panel,False,True,False,unresolved,none,not_documented,primary: only censored(censoring_evidence=explicit) treated as censored; no boundary_ambiguous rows in this task,36273,1.0,,0,0,0,0.3068,0.3068,,,,not_available,not_available,task_panel：无合法 combinatorial neighborhood → 只允许 coverage 类输出，禁止任何 degree 字段（AMENDMENT-009 §5 / 011 §6.1）
TEV_ProtRec,ENLYFQS,task_panel,False,True,False,unresolved,none,not_documented,primary: only censored(censoring_evidence=explicit) treated as censored; no boundary_ambiguous rows in this task,56326,1.0,,0,0,0,0.7002,0.7002,,,,not_available,not_available,task_panel：无合法 combinatorial neighborhood → 只允许 coverage 类输出，禁止任何 degree 字段（AMENDMENT-009 §5 / 011 §6.1）
TEV_ProtRec,ENLYFQT,task_panel,False,True,False,unresolved,none,not_documented,primary: only censored(censoring_evidence=explicit) treated as censored; no boundary_ambiguous rows in this task,34749,1.0,,0,0,0,0.3876,0.3876,,,,not_available,not_available,task_panel：无合法 combinatorial neighborhood → 只允许 coverage 类输出，禁止任何 degree 字段（AMENDMENT-009 §5 / 011 §6.1）
TEV_ProtRec,ENLYFQV,task_panel,False,True,False,unresolved,none,not_documented,primary: only censored(censoring_evidence=explicit) treated as censored; no boundary_ambiguous rows in this task,31962,1.0,,0,0,0,0.3389,0.3389,,,,not_available,not_available,task_panel：无合法 combinatorial neighborhood → 只允许 coverage 类输出，禁止任何 degree 字段（AMENDMENT-009 §5 / 011 §6.1）
TEV_ProtRec,ENLYFQW,task_panel,False,True,False,unresolved,none,not_documented,primary: only censored(censoring_evidence=explicit) treated as censored; no boundary_ambiguous rows in this task,37311,1.0,,0,0,0,0.3629,0.3629,,,,not_available,not_available,task_panel：无合法 combinatorial neighborhood → 只允许 coverage 类输出，禁止任何 degree 字段（AMENDMENT-009 §5 / 011 §6.1）
TEV_ProtRec,ENLYFQY,task_panel,False,True,False,unresolved,none,not_documented,primary: only censored(censoring_evidence=explicit) treated as censored; no boundary_ambiguous rows in this task,30082,1.0,,0,0,0,0.4745,0.4745,,,,not_available,not_available,task_panel：无合法 combinatorial neighborhood → 只允许 coverage 类输出，禁止任何 degree 字段（AMENDMENT-009 §5 / 011 §6.1）
TEV_ProtRec,ENLYFRS,task_panel,False,True,False,unresolved,none,not_documented,primary: only censored(censoring_evidence=explicit) treated as censored; no boundary_ambiguous rows in this task,2879,1.0,,0,0,0,0.0,0.0,,,,not_available,not_available,task_panel：无合法 combinatorial neighborhood → 只允许 coverage 类输出，禁止任何 degree 字段（AMENDMENT-009 §5 / 011 §6.1）
TEV_ProtRec,ENLYFSS,task_panel,False,True,False,unresolved,none,not_documented,primary: only censored(censoring_evidence=explicit) treated as censored; no boundary_ambiguous rows in this task,2625,1.0,,0,0,0,0.0,0.0,,,,not_available,not_available,task_panel：无合法 combinatorial neighborhood → 只允许 coverage 类输出，禁止任何 degree 字段（AMENDMENT-009 §5 / 011 §6.1）
TEV_ProtRec,ENLYFTS,task_panel,False,True,False,unresolved,none,not_documented,primary: only censored(censoring_evidence=explicit) treated as censored; no boundary_ambiguous rows in this task,3418,1.0,,0,0,0,0.0,0.0,,,,not_available,not_available,task_panel：无合法 combinatorial neighborhood → 只允许 coverage 类输出，禁止任何 degree 字段（AMENDMENT-009 §5 / 011 §6.1）
TEV_ProtRec,ENLYFVS,task_panel,False,True,False,unresolved,none,not_documented,primary: only censored(censoring_evidence=explicit) treated as censored; no boundary_ambiguous rows in this task,2352,1.0,,0,0,0,0.0,0.0,,,,not_available,not_available,task_panel：无合法 combinatorial neighborhood → 只允许 coverage 类输出，禁止任何 degree 字段（AMENDMENT-009 §5 / 011 §6.1）
TEV_ProtRec,ENLYFWS,task_panel,False,True,False,unresolved,none,not_documented,primary: only censored(censoring_evidence=explicit) treated as censored; no boundary_ambiguous rows in this task,2920,1.0,,0,0,0,0.0,0.0,,,,not_available,not_available,task_panel：无合法 combinatorial neighborhood → 只允许 coverage 类输出，禁止任何 degree 字段（AMENDMENT-009 §5 / 011 §6.1）
TEV_ProtRec,ENLYFYS,task_panel,False,True,False,unresolved,none,not_documented,primary: only censored(censoring_evidence=explicit) treated as censored; no boundary_ambiguous rows in this task,3291,1.0,,0,0,0,0.0,0.0,,,,not_available,not_available,task_panel：无合法 combinatorial neighborhood → 只允许 coverage 类输出，禁止任何 degree 字段（AMENDMENT-009 §5 / 011 §6.1）
TEV_ProtRec,ENLYGQS,task_panel,False,True,False,unresolved,none,not_documented,primary: only censored(censoring_evidence=explicit) treated as censored; no boundary_ambiguous rows in this task,3368,1.0,,0,0,0,0.0,0.0,,,,not_available,not_available,task_panel：无合法 combinatorial neighborhood → 只允许 coverage 类输出，禁止任何 degree 字段（AMENDMENT-009 §5 / 011 §6.1）
TEV_ProtRec,ENLYHQS,task_panel,False,True,False,unresolved,none,not_documented,primary: only censored(censoring_evidence=explicit) treated as censored; no boundary_ambiguous rows in this task,4058,1.0,,0,0,0,0.0,0.0,,,,not_available,not_available,task_panel：无合法 combinatorial neighborhood → 只允许 coverage 类输出，禁止任何 degree 字段（AMENDMENT-009 §5 / 011 §6.1）
TEV_ProtRec,ENLYIQS,task_panel,False,True,False,unresolved,none,not_documented,primary: only censored(censoring_evidence=explicit) treated as censored; no boundary_ambiguous rows in this task,3049,1.0,,0,0,0,0.0,0.0,,,,not_available,not_available,task_panel：无合法 combinatorial neighborhood → 只允许 coverage 类输出，禁止任何 degree 字段（AMENDMENT-009 §5 / 011 §6.1）
TEV_ProtRec,ENLYKQS,task_panel,False,True,False,unresolved,none,not_documented,primary: only censored(censoring_evidence=explicit) treated as censored; no boundary_ambiguous rows in this task,3592,1.0,,0,0,0,0.0,0.0,,,,not_available,not_available,task_panel：无合法 combinatorial neighborhood → 只允许 coverage 类输出，禁止任何 degree 字段（AMENDMENT-009 §5 / 011 §6.1）
TEV_ProtRec,ENLYLQS,task_panel,False,True,False,unresolved,none,not_documented,primary: only censored(censoring_evidence=explicit) treated as censored; no boundary_ambiguous rows in this task,1624,1.0,,0,0,0,0.0,0.0,,,,not_available,not_available,task_panel：无合法 combinatorial neighborhood → 只允许 coverage 类输出，禁止任何 degree 字段（AMENDMENT-009 §5 / 011 §6.1）
TEV_ProtRec,ENLYMQS,task_panel,False,True,False,unresolved,none,not_documented,primary: only censored(censoring_evidence=explicit) treated as censored; no boundary_ambiguous rows in this task,3381,1.0,,0,0,0,0.0,0.0,,,,not_available,not_available,task_panel：无合法 combinatorial neighborhood → 只允许 coverage 类输出，禁止任何 degree 字段（AMENDMENT-009 §5 / 011 §6.1）
TEV_ProtRec,ENLYNQS,task_panel,False,True,False,unresolved,none,not_documented,primary: only censored(censoring_evidence=explicit) treated as censored; no boundary_ambiguous rows in this task,3741,1.0,,0,0,0,0.0,0.0,,,,not_available,not_available,task_panel：无合法 combinatorial neighborhood → 只允许 coverage 类输出，禁止任何 degree 字段（AMENDMENT-009 §5 / 011 §6.1）
TEV_ProtRec,ENLYPQS,task_panel,False,True,False,unresolved,none,not_documented,primary: only censored(censoring_evidence=explicit) treated as censored; no boundary_ambiguous rows in this task,3629,1.0,,0,0,0,0.0,0.0,,,,not_available,not_available,task_panel：无合法 combinatorial neighborhood → 只允许 coverage 类输出，禁止任何 degree 字段（AMENDMENT-009 §5 / 011 §6.1）
TEV_ProtRec,ENLYQQS,task_panel,False,True,False,unresolved,none,not_documented,primary: only censored(censoring_evidence=explicit) treated as censored; no boundary_ambiguous rows in this task,2820,1.0,,0,0,0,0.0,0.0,,,,not_available,not_available,task_panel：无合法 combinatorial neighborhood → 只允许 coverage 类输出，禁止任何 degree 字段（AMENDMENT-009 §5 / 011 §6.1）
TEV_ProtRec,ENLYRQS,task_panel,False,True,False,unresolved,none,not_documented,primary: only censored(censoring_evidence=explicit) treated as censored; no boundary_ambiguous rows in this task,3100,1.0,,0,0,0,0.0,0.0,,,,not_available,not_available,task_panel：无合法 combinatorial neighborhood → 只允许 coverage 类输出，禁止任何 degree 字段（AMENDMENT-009 §5 / 011 §6.1）
TEV_ProtRec,ENLYSQS,task_panel,False,True,False,unresolved,none,not_documented,primary: only censored(censoring_evidence=explicit) treated as censored; no boundary_ambiguous rows in this task,2805,1.0,,0,0,0,0.0,0.0,,,,not_available,not_available,task_panel：无合法 combinatorial neighborhood → 只允许 coverage 类输出，禁止任何 degree 字段（AMENDMENT-009 §5 / 011 §6.1）
TEV_ProtRec,ENLYTQS,task_panel,False,True,False,unresolved,none,not_documented,primary: only censored(censoring_evidence=explicit) treated as censored; no boundary_ambiguous rows in this task,2687,1.0,,0,0,0,0.0,0.0,,,,not_available,not_available,task_panel：无合法 combinatorial neighborhood → 只允许 coverage 类输出，禁止任何 degree 字段（AMENDMENT-009 §5 / 011 §6.1）
TEV_ProtRec,ENLYVQS,task_panel,False,True,False,unresolved,none,not_documented,primary: only censored(censoring_evidence=explicit) treated as censored; no boundary_ambiguous rows in this task,3020,1.0,,0,0,0,0.0,0.0,,,,not_available,not_available,task_panel：无合法 combinatorial neighborhood → 只允许 coverage 类输出，禁止任何 degree 字段（AMENDMENT-009 §5 / 011 §6.1）
TEV_ProtRec,ENLYWQS,task_panel,False,True,False,unresolved,none,not_documented,primary: only censored(censoring_evidence=explicit) treated as censored; no boundary_ambiguous rows in this task,3235,1.0,,0,0,0,0.0,0.0,,,,not_available,not_available,task_panel：无合法 combinatorial neighborhood → 只允许 coverage 类输出，禁止任何 degree 字段（AMENDMENT-009 §5 / 011 §6.1）
TEV_ProtRec,ENLYYQS,task_panel,False,True,False,unresolved,none,not_documented,primary: only censored(censoring_evidence=explicit) treated as censored; no boundary_ambiguous rows in this task,2611,1.0,,0,0,0,0.0,0.0,,,,not_available,not_available,task_panel：无合法 combinatorial neighborhood → 只允许 coverage 类输出，禁止任何 degree 字段（AMENDMENT-009 §5 / 011 §6.1）
TEV_ProtRec,ENMYFQS,task_panel,False,True,False,unresolved,none,not_documented,primary: only censored(censoring_evidence=explicit) treated as censored; no boundary_ambiguous rows in this task,2119,1.0,,0,0,0,0.0,0.0,,,,not_available,not_available,task_panel：无合法 combinatorial neighborhood → 只允许 coverage 类输出，禁止任何 degree 字段（AMENDMENT-009 §5 / 011 §6.1）
TEV_ProtRec,ENNYFQS,task_panel,False,True,False,unresolved,none,not_documented,primary: only censored(censoring_evidence=explicit) treated as censored; no boundary_ambiguous rows in this task,3043,1.0,,0,0,0,0.0,0.0,,,,not_available,not_available,task_panel：无合法 combinatorial neighborhood → 只允许 coverage 类输出，禁止任何 degree 字段（AMENDMENT-009 §5 / 011 §6.1）
TEV_ProtRec,ENPYFQS,task_panel,False,True,False,unresolved,none,not_documented,primary: only censored(censoring_evidence=explicit) treated as censored; no boundary_ambiguous rows in this task,2497,1.0,,0,0,0,0.0,0.0,,,,not_available,not_available,task_panel：无合法 combinatorial neighborhood → 只允许 coverage 类输出，禁止任何 degree 字段（AMENDMENT-009 §5 / 011 §6.1）
TEV_ProtRec,ENQYFQS,task_panel,False,True,False,unresolved,none,not_documented,primary: only censored(censoring_evidence=explicit) treated as censored; no boundary_ambiguous rows in this task,4255,1.0,,0,0,0,0.0,0.0,,,,not_available,not_available,task_panel：无合法 combinatorial neighborhood → 只允许 coverage 类输出，禁止任何 degree 字段（AMENDMENT-009 §5 / 011 §6.1）
TEV_ProtRec,ENRYFQS,task_panel,False,True,False,unresolved,none,not_documented,primary: only censored(censoring_evidence=explicit) treated as censored; no boundary_ambiguous rows in this task,2910,1.0,,0,0,0,0.0,0.0,,,,not_available,not_available,task_panel：无合法 combinatorial neighborhood → 只允许 coverage 类输出，禁止任何 degree 字段（AMENDMENT-009 §5 / 011 §6.1）
TEV_ProtRec,ENSYFQS,task_panel,False,True,False,unresolved,none,not_documented,primary: only censored(censoring_evidence=explicit) treated as censored; no boundary_ambiguous rows in this task,3958,1.0,,0,0,0,0.0,0.0,,,,not_available,not_available,task_panel：无合法 combinatorial neighborhood → 只允许 coverage 类输出，禁止任何 degree 字段（AMENDMENT-009 §5 / 011 §6.1）
TEV_ProtRec,ENTYFQS,task_panel,False,True,False,unresolved,none,not_documented,primary: only censored(censoring_evidence=explicit) treated as censored; no boundary_ambiguous rows in this task,3077,1.0,,0,0,0,0.0,0.0,,,,not_available,not_available,task_panel：无合法 combinatorial neighborhood → 只允许 coverage 类输出，禁止任何 degree 字段（AMENDMENT-009 §5 / 011 §6.1）
TEV_ProtRec,ENVYFQS,task_panel,False,True,False,unresolved,none,not_documented,primary: only censored(censoring_evidence=explicit) treated as censored; no boundary_ambiguous rows in this task,3283,1.0,,0,0,0,0.0,0.0,,,,not_available,not_available,task_panel：无合法 combinatorial neighborhood → 只允许 coverage 类输出，禁止任何 degree 字段（AMENDMENT-009 §5 / 011 §6.1）
TEV_ProtRec,ENWYFQC,task_panel,False,True,False,unresolved,none,not_documented,primary: only censored(censoring_evidence=explicit) treated as censored; no boundary_ambiguous rows in this task,755,1.0,,0,0,0,0.0,0.0,,,,not_available,not_available,task_panel：无合法 combinatorial neighborhood → 只允许 coverage 类输出，禁止任何 degree 字段（AMENDMENT-009 §5 / 011 §6.1）
TEV_ProtRec,ENWYFQS,task_panel,False,True,False,unresolved,none,not_documented,primary: only censored(censoring_evidence=explicit) treated as censored; no boundary_ambiguous rows in this task,2111,1.0,,0,0,0,0.0,0.0,,,,not_available,not_available,task_panel：无合法 combinatorial neighborhood → 只允许 coverage 类输出，禁止任何 degree 字段（AMENDMENT-009 §5 / 011 §6.1）
TEV_ProtRec,ENYYFQS,task_panel,False,True,False,unresolved,none,not_documented,primary: only censored(censoring_evidence=explicit) treated as censored; no boundary_ambiguous rows in this task,2071,1.0,,0,0,0,0.0,0.0,,,,not_available,not_available,task_panel：无合法 combinatorial neighborhood → 只允许 coverage 类输出，禁止任何 degree 字段（AMENDMENT-009 §5 / 011 §6.1）
TEV_ProtRec,EPLYFES,task_panel,False,True,False,unresolved,none,not_documented,primary: only censored(censoring_evidence=explicit) treated as censored; no boundary_ambiguous rows in this task,288,1.0,,0,0,0,0.0,0.0,,,,not_available,not_available,task_panel：无合法 combinatorial neighborhood → 只允许 coverage 类输出，禁止任何 degree 字段（AMENDMENT-009 §5 / 011 §6.1）
TEV_ProtRec,EPLYFQS,task_panel,False,True,False,unresolved,none,not_documented,primary: only censored(censoring_evidence=explicit) treated as censored; no boundary_ambiguous rows in this task,2530,1.0,,0,0,0,0.0,0.0,,,,not_available,not_available,task_panel：无合法 combinatorial neighborhood → 只允许 coverage 类输出，禁止任何 degree 字段（AMENDMENT-009 §5 / 011 §6.1）
TEV_ProtRec,EQLYFQS,task_panel,False,True,False,unresolved,none,not_documented,primary: only censored(censoring_evidence=explicit) treated as censored; no boundary_ambiguous rows in this task,3309,1.0,,0,0,0,0.0,0.0,,,,not_available,not_available,task_panel：无合法 combinatorial neighborhood → 只允许 coverage 类输出，禁止任何 degree 字段（AMENDMENT-009 §5 / 011 §6.1）
TEV_ProtRec,ERLYFQS,task_panel,False,True,False,unresolved,none,not_documented,primary: only censored(censoring_evidence=explicit) treated as censored; no boundary_ambiguous rows in this task,3177,1.0,,0,0,0,0.0,0.0,,,,not_available,not_available,task_panel：无合法 combinatorial neighborhood → 只允许 coverage 类输出，禁止任何 degree 字段（AMENDMENT-009 §5 / 011 §6.1）
TEV_ProtRec,ESLYFQD,task_panel,False,True,False,unresolved,none,not_documented,primary: only censored(censoring_evidence=explicit) treated as censored; no boundary_ambiguous rows in this task,960,1.0,,0,0,0,0.0,0.0,,,,not_available,not_available,task_panel：无合法 combinatorial neighborhood → 只允许 coverage 类输出，禁止任何 degree 字段（AMENDMENT-009 §5 / 011 §6.1）
TEV_ProtRec,ESLYFQS,task_panel,False,True,False,unresolved,none,not_documented,primary: only censored(censoring_evidence=explicit) treated as censored; no boundary_ambiguous rows in this task,4133,1.0,,0,0,0,0.0,0.0,,,,not_available,not_available,task_panel：无合法 combinatorial neighborhood → 只允许 coverage 类输出，禁止任何 degree 字段（AMENDMENT-009 §5 / 011 §6.1）
TEV_ProtRec,ETLYFFS,task_panel,False,True,False,unresolved,none,not_documented,primary: only censored(censoring_evidence=explicit) treated as censored; no boundary_ambiguous rows in this task,309,1.0,,0,0,0,0.0,0.0,,,,not_available,not_available,task_panel：无合法 combinatorial neighborhood → 只允许 coverage 类输出，禁止任何 degree 字段（AMENDMENT-009 §5 / 011 §6.1）
TEV_ProtRec,ETLYFQS,task_panel,False,True,False,unresolved,none,not_documented,primary: only censored(censoring_evidence=explicit) treated as censored; no boundary_ambiguous rows in this task,1934,1.0,,0,0,0,0.0,0.0,,,,not_available,not_available,task_panel：无合法 combinatorial neighborhood → 只允许 coverage 类输出，禁止任何 degree 字段（AMENDMENT-009 §5 / 011 §6.1）
TEV_ProtRec,EVLYFQS,task_panel,False,True,False,unresolved,none,not_documented,primary: only censored(censoring_evidence=explicit) treated as censored; no boundary_ambiguous rows in this task,3651,1.0,,0,0,0,0.0,0.0,,,,not_available,not_available,task_panel：无合法 combinatorial neighborhood → 只允许 coverage 类输出，禁止任何 degree 字段（AMENDMENT-009 §5 / 011 §6.1）
TEV_ProtRec,EVLYSQS,task_panel,False,True,False,unresolved,none,not_documented,primary: only censored(censoring_evidence=explicit) treated as censored; no boundary_ambiguous rows in this task,639,1.0,,0,0,0,0.0,0.0,,,,not_available,not_available,task_panel：无合法 combinatorial neighborhood → 只允许 coverage 类输出，禁止任何 degree 字段（AMENDMENT-009 §5 / 011 §6.1）
TEV_ProtRec,EWLYFQS,task_panel,False,True,False,unresolved,none,not_documented,primary: only censored(censoring_evidence=explicit) treated as censored; no boundary_ambiguous rows in this task,2538,1.0,,0,0,0,0.0,0.0,,,,not_available,not_available,task_panel：无合法 combinatorial neighborhood → 只允许 coverage 类输出，禁止任何 degree 字段（AMENDMENT-009 §5 / 011 §6.1）
TEV_ProtRec,EYLYFQM,task_panel,False,True,False,unresolved,none,not_documented,primary: only censored(censoring_evidence=explicit) treated as censored; no boundary_ambiguous rows in this task,606,1.0,,0,0,0,0.0,0.0,,,,not_available,not_available,task_panel：无合法 combinatorial neighborhood → 只允许 coverage 类输出，禁止任何 degree 字段（AMENDMENT-009 §5 / 011 §6.1）
TEV_ProtRec,EYLYFQS,task_panel,False,True,False,unresolved,none,not_documented,primary: only censored(censoring_evidence=explicit) treated as censored; no boundary_ambiguous rows in this task,2053,1.0,,0,0,0,0.0,0.0,,,,not_available,not_available,task_panel：无合法 combinatorial neighborhood → 只允许 coverage 类输出，禁止任何 degree 字段（AMENDMENT-009 §5 / 011 §6.1）
TEV_ProtRec,FNLYFQS,task_panel,False,True,False,unresolved,none,not_documented,primary: only censored(censoring_evidence=explicit) treated as censored; no boundary_ambiguous rows in this task,2604,1.0,,0,0,0,0.0,0.0,,,,not_available,not_available,task_panel：无合法 combinatorial neighborhood → 只允许 coverage 类输出，禁止任何 degree 字段（AMENDMENT-009 §5 / 011 §6.1）
TEV_ProtRec,GNLYFQS,task_panel,False,True,False,unresolved,none,not_documented,primary: only censored(censoring_evidence=explicit) treated as censored; no boundary_ambiguous rows in this task,2447,1.0,,0,0,0,0.0,0.0,,,,not_available,not_available,task_panel：无合法 combinatorial neighborhood → 只允许 coverage 类输出，禁止任何 degree 字段（AMENDMENT-009 §5 / 011 §6.1）
TEV_ProtRec,HNLYFQK,task_panel,False,True,False,unresolved,none,not_documented,primary: only censored(censoring_evidence=explicit) treated as censored; no boundary_ambiguous rows in this task,386,1.0,,0,0,0,0.0,0.0,,,,not_available,not_available,task_panel：无合法 combinatorial neighborhood → 只允许 coverage 类输出，禁止任何 degree 字段（AMENDMENT-009 §5 / 011 §6.1）
TEV_ProtRec,HNLYFQS,task_panel,False,True,False,unresolved,none,not_documented,primary: only censored(censoring_evidence=explicit) treated as censored; no boundary_ambiguous rows in this task,3778,1.0,,0,0,0,0.0,0.0,,,,not_available,not_available,task_panel：无合法 combinatorial neighborhood → 只允许 coverage 类输出，禁止任何 degree 字段（AMENDMENT-009 §5 / 011 §6.1）
TEV_ProtRec,INLYFQS,task_panel,False,True,False,unresolved,none,not_documented,primary: only censored(censoring_evidence=explicit) treated as censored; no boundary_ambiguous rows in this task,2842,1.0,,0,0,0,0.0,0.0,,,,not_available,not_available,task_panel：无合法 combinatorial neighborhood → 只允许 coverage 类输出，禁止任何 degree 字段（AMENDMENT-009 §5 / 011 §6.1）
TEV_ProtRec,KNLYFQS,task_panel,False,True,False,unresolved,none,not_documented,primary: only censored(censoring_evidence=explicit) treated as censored; no boundary_ambiguous rows in this task,2713,1.0,,0,0,0,0.0,0.0,,,,not_available,not_available,task_panel：无合法 combinatorial neighborhood → 只允许 coverage 类输出，禁止任何 degree 字段（AMENDMENT-009 §5 / 011 §6.1）
TEV_ProtRec,KTCILKS,task_panel,False,True,False,unresolved,none,not_documented,primary: only censored(censoring_evidence=explicit) treated as censored; no boundary_ambiguous rows in this task,3,1.0,,0,0,0,0.0,0.0,,,,not_available,not_available,task_panel：无合法 combinatorial neighborhood → 只允许 coverage 类输出，禁止任何 degree 字段（AMENDMENT-009 §5 / 011 §6.1）
TEV_ProtRec,LNLYFQH,task_panel,False,True,False,unresolved,none,not_documented,primary: only censored(censoring_evidence=explicit) treated as censored; no boundary_ambiguous rows in this task,504,1.0,,0,0,0,0.0,0.0,,,,not_available,not_available,task_panel：无合法 combinatorial neighborhood → 只允许 coverage 类输出，禁止任何 degree 字段（AMENDMENT-009 §5 / 011 §6.1）
TEV_ProtRec,LNLYFQS,task_panel,False,True,False,unresolved,none,not_documented,primary: only censored(censoring_evidence=explicit) treated as censored; no boundary_ambiguous rows in this task,3024,1.0,,0,0,0,0.0,0.0,,,,not_available,not_available,task_panel：无合法 combinatorial neighborhood → 只允许 coverage 类输出，禁止任何 degree 字段（AMENDMENT-009 §5 / 011 §6.1）
TEV_ProtRec,LNLYFQT,task_panel,False,True,False,unresolved,none,not_documented,primary: only censored(censoring_evidence=explicit) treated as censored; no boundary_ambiguous rows in this task,1359,1.0,,0,0,0,0.0,0.0,,,,not_available,not_available,task_panel：无合法 combinatorial neighborhood → 只允许 coverage 类输出，禁止任何 degree 字段（AMENDMENT-009 §5 / 011 §6.1）
TEV_ProtRec,MNLYCQS,task_panel,False,True,False,unresolved,none,not_documented,primary: only censored(censoring_evidence=explicit) treated as censored; no boundary_ambiguous rows in this task,466,1.0,,0,0,0,0.0,0.0,,,,not_available,not_available,task_panel：无合法 combinatorial neighborhood → 只允许 coverage 类输出，禁止任何 degree 字段（AMENDMENT-009 §5 / 011 §6.1）
TEV_ProtRec,MNLYFKS,task_panel,False,True,False,unresolved,none,not_documented,primary: only censored(censoring_evidence=explicit) treated as censored; no boundary_ambiguous rows in this task,951,1.0,,0,0,0,0.0,0.0,,,,not_available,not_available,task_panel：无合法 combinatorial neighborhood → 只允许 coverage 类输出，禁止任何 degree 字段（AMENDMENT-009 §5 / 011 §6.1）
TEV_ProtRec,MNLYFQS,task_panel,False,True,False,unresolved,none,not_documented,primary: only censored(censoring_evidence=explicit) treated as censored; no boundary_ambiguous rows in this task,2584,1.0,,0,0,0,0.0,0.0,,,,not_available,not_available,task_panel：无合法 combinatorial neighborhood → 只允许 coverage 类输出，禁止任何 degree 字段（AMENDMENT-009 §5 / 011 §6.1）
TEV_ProtRec,NNLYFQS,task_panel,False,True,False,unresolved,none,not_documented,primary: only censored(censoring_evidence=explicit) treated as censored; no boundary_ambiguous rows in this task,2360,1.0,,0,0,0,0.0,0.0,,,,not_available,not_available,task_panel：无合法 combinatorial neighborhood → 只允许 coverage 类输出，禁止任何 degree 字段（AMENDMENT-009 §5 / 011 §6.1）
TEV_ProtRec,PNLYFQS,task_panel,False,True,False,unresolved,none,not_documented,primary: only censored(censoring_evidence=explicit) treated as censored; no boundary_ambiguous rows in this task,3392,1.0,,0,0,0,0.0,0.0,,,,not_available,not_available,task_panel：无合法 combinatorial neighborhood → 只允许 coverage 类输出，禁止任何 degree 字段（AMENDMENT-009 §5 / 011 §6.1）
TEV_ProtRec,QNLYFIS,task_panel,False,True,False,unresolved,none,not_documented,primary: only censored(censoring_evidence=explicit) treated as censored; no boundary_ambiguous rows in this task,112,1.0,,0,0,0,0.0,0.0,,,,not_available,not_available,task_panel：无合法 combinatorial neighborhood → 只允许 coverage 类输出，禁止任何 degree 字段（AMENDMENT-009 §5 / 011 §6.1）
TEV_ProtRec,QNLYFQG,task_panel,False,True,False,unresolved,none,not_documented,primary: only censored(censoring_evidence=explicit) treated as censored; no boundary_ambiguous rows in this task,321,1.0,,0,0,0,0.0,0.0,,,,not_available,not_available,task_panel：无合法 combinatorial neighborhood → 只允许 coverage 类输出，禁止任何 degree 字段（AMENDMENT-009 §5 / 011 §6.1）
TEV_ProtRec,QNLYFQS,task_panel,False,True,False,unresolved,none,not_documented,primary: only censored(censoring_evidence=explicit) treated as censored; no boundary_ambiguous rows in this task,1107,1.0,,0,0,0,0.0,0.0,,,,not_available,not_available,task_panel：无合法 combinatorial neighborhood → 只允许 coverage 类输出，禁止任何 degree 字段（AMENDMENT-009 §5 / 011 §6.1）
TEV_ProtRec,RNLYFQS,task_panel,False,True,False,unresolved,none,not_documented,primary: only censored(censoring_evidence=explicit) treated as censored; no boundary_ambiguous rows in this task,1691,1.0,,0,0,0,0.0,0.0,,,,not_available,not_available,task_panel：无合法 combinatorial neighborhood → 只允许 coverage 类输出，禁止任何 degree 字段（AMENDMENT-009 §5 / 011 §6.1）
TEV_ProtRec,RNLYMQS,task_panel,False,True,False,unresolved,none,not_documented,primary: only censored(censoring_evidence=explicit) treated as censored; no boundary_ambiguous rows in this task,1458,1.0,,0,0,0,0.0,0.0,,,,not_available,not_available,task_panel：无合法 combinatorial neighborhood → 只允许 coverage 类输出，禁止任何 degree 字段（AMENDMENT-009 §5 / 011 §6.1）
TEV_ProtRec,SNLYFHS,task_panel,False,True,False,unresolved,none,not_documented,primary: only censored(censoring_evidence=explicit) treated as censored; no boundary_ambiguous rows in this task,967,1.0,,0,0,0,0.0,0.0,,,,not_available,not_available,task_panel：无合法 combinatorial neighborhood → 只允许 coverage 类输出，禁止任何 degree 字段（AMENDMENT-009 §5 / 011 §6.1）
TEV_ProtRec,SNLYFQS,task_panel,False,True,False,unresolved,none,not_documented,primary: only censored(censoring_evidence=explicit) treated as censored; no boundary_ambiguous rows in this task,3052,1.0,,0,0,0,0.0,0.0,,,,not_available,not_available,task_panel：无合法 combinatorial neighborhood → 只允许 coverage 类输出，禁止任何 degree 字段（AMENDMENT-009 §5 / 011 §6.1）
TEV_ProtRec,TNLYFQS,task_panel,False,True,False,unresolved,none,not_documented,primary: only censored(censoring_evidence=explicit) treated as censored; no boundary_ambiguous rows in this task,3678,1.0,,0,0,0,0.0,0.0,,,,not_available,not_available,task_panel：无合法 combinatorial neighborhood → 只允许 coverage 类输出，禁止任何 degree 字段（AMENDMENT-009 §5 / 011 §6.1）
TEV_ProtRec,VNLYFQS,task_panel,False,True,False,unresolved,none,not_documented,primary: only censored(censoring_evidence=explicit) treated as censored; no boundary_ambiguous rows in this task,1959,1.0,,0,0,0,0.0,0.0,,,,not_available,not_available,task_panel：无合法 combinatorial neighborhood → 只允许 coverage 类输出，禁止任何 degree 字段（AMENDMENT-009 §5 / 011 §6.1）
TEV_ProtRec,WNLYFQS,task_panel,False,True,False,unresolved,none,not_documented,primary: only censored(censoring_evidence=explicit) treated as censored; no boundary_ambiguous rows in this task,3849,1.0,,0,0,0,0.0,0.0,,,,not_available,not_available,task_panel：无合法 combinatorial neighborhood → 只允许 coverage 类输出，禁止任何 degree 字段（AMENDMENT-009 §5 / 011 §6.1）
TEV_ProtRec,YNLYFQS,task_panel,False,True,False,unresolved,none,not_documented,primary: only censored(censoring_evidence=explicit) treated as censored; no boundary_ambiguous rows in this task,3109,1.0,,0,0,0,0.0,0.0,,,,not_available,not_available,task_panel：无合法 combinatorial neighborhood → 只允许 coverage 类输出，禁止任何 degree 字段（AMENDMENT-009 §5 / 011 §6.1）
TEV_ProtRec,YNLYFQW,task_panel,False,True,False,unresolved,none,not_documented,primary: only censored(censoring_evidence=explicit) treated as censored; no boundary_ambiguous rows in this task,227,1.0,,0,0,0,0.0,0.0,,,,not_available,not_available,task_panel：无合法 combinatorial neighborhood → 只允许 coverage 类输出，禁止任何 degree 字段（AMENDMENT-009 §5 / 011 §6.1）
