dataset_id,protein_or_system,role,source_type,official_source,paper_license,source_data_license,analysis_allowed,redistribution_allowed,redistribution_basis,theoretical_space_size,complete_product,observed_genotype_count
TEM-1CML,TEM-1 beta-lactamase,strict_multi_task,author_deposit,https://github.com/msadikyildiz/Gaszek_Yildiz_Meng_2025 | https://doi.org/10.5281/zenodo.21442350,CC BY-NC-ND 4.0 (Crossref verified),GPL-3.0,TRUE,TRUE,"ingested artifact = author GitHub repo whose LICENSE file is GPL-3.0 (local clone verified, 35,823 B); paper is CC BY-NC-ND but the data files are governed by the repository license",55296,TRUE,55296
Phillips2023_HA_CH65,influenza HA receptor binding site (CH65),strict_multi_task,journal_source_data,https://doi.org/10.7554/eLife.83628,CC BY 4.0 (Crossref verified),CC BY 4.0,TRUE,TRUE,eLife article and its source-data files are CC BY 4.0 (Crossref verified); ingested artifact = cdn.elifesciences.org source-data xlsx,65536,TRUE,65536
Phillips2021_CR9114,influenza HA (CR9114),single_task_control,journal_source_data,https://doi.org/10.7554/eLife.71393,CC BY 4.0 (Crossref verified),CC BY 4.0,TRUE,TRUE,eLife article and its source-data files are CC BY 4.0 (Crossref verified); ingested artifact = cdn.elifesciences.org source-data csv,65536,TRUE,65536
TrpB4_Johnston2024,TmTrpB,single_task_control,author_deposit,https://doi.org/10.22002/h5rah-5z170,CC BY-NC-ND 4.0 (Crossref verified),CC0-1.0,TRUE,TRUE,"CaltechDATA record license field = CC0-1.0 (verified); ingested artifact = the CaltechDATA deposit, NOT the PNAS article (which is NC-ND)",160000,FALSE,159129
Bank2016_Hsp90_Dryad,Hsp90,oracle_only,author_deposit,https://doi.org/10.5061/dryad.th0rj,PNAS user license (no CC in Crossref),CC0-1.0,TRUE,TRUE,Dryad dataset API v2 license field = CC0-1.0 (verified 2026-09-19); ingested artifact = the Dryad deposit itself,,FALSE,640
Bank2016_Hsp90_GraphFLA,Hsp90 (third-party repack),oracle_only,derived_aggregate,https://doi.org/10.5061/dryad.th0rj,PNAS user license (no CC in Crossref),not stated (third-party repack),TRUE,FALSE,"third-party repack (GraphFLA) -> must not be re-packaged (C8-2); GraphFLA repo MIT covers code only, underlying data license not stated",,FALSE,640
CTXM14_woson2020,CTX-M-14 beta-lactamase,oracle_only,author_deposit,https://doi.org/10.1093/molbev/msac086,CC BY 4.0 (Crossref verified),NONE (repo has NO LICENSE file),TRUE,FALSE,paper CC BY 4.0 (Crossref verified) but ingested artifact = author GitHub repo with NO LICENSE file -> C8-2 local-only,,FALSE,
CTXM14_Palzkill2024,CTX-M-14 beta-lactamase,oracle_only,author_deposit,https://doi.org/10.1073/pnas.2313513121,CC BY-NC-ND 4.0 (Crossref verified),NONE (repo has NO LICENSE file),TRUE,FALSE,paper CC BY-NC-ND (ND forbids derivative redistribution) and author repo has NO LICENSE file -> C8/ND local-only; distinct dataset from woson2020,,FALSE,49096
PTE_karolbuda,phosphotriesterase (PTE),oracle_only,author_deposit,https://doi.org/10.64898/2026.07.02.736193,"CC BY 4.0 (bioRxiv preprint, per earlier survey)",NONE (repo has NO LICENSE file),TRUE,FALSE,preprint CC BY 4.0 but ingested artifact = author GitHub repo with NO LICENSE file -> C8-2 local-only,64,TRUE,64
MPH_danderson8,methyl parathion hydrolase (MPH),oracle_only,author_deposit,https://doi.org/10.5281/zenodo.4552583,NOT VERIFIED,NONE (repo has NO LICENSE file),TRUE,FALSE,author GitHub repo has NO LICENSE file and the Zenodo record license was not read -> C8-2 local-only,,FALSE,202
Kosterlitz_blaTEM,TEM-1 blaTEM (multi-host),oracle_only,author_deposit,https://doi.org/10.5281/zenodo.10045641,CC BY 4.0 (Crossref verified),NONE (repo has NO LICENSE file),TRUE,FALSE,Zenodo deposit 10045641 license = cc-by-4.0 (verified) BUT the ingested artifact is the author GitHub repo with NO LICENSE file -> C8-2 local-only for the ingested copy,32,TRUE,32
Mira2015_TEM_panel,TEM-1 beta-lactamase (15 beta-lactams),oracle_only,secondary_distribution,https://doi.org/10.1371/journal.pone.0122283,CC BY 4.0 (Crossref verified),not stated (GraphFLA secondary distribution),TRUE,FALSE,ingested artifact = GraphFLA secondary distribution (repo MIT covers code only); no author-side deposit exists -> C8-2 local-only,16,TRUE,16
Jalal2020_ParB_NBS,ParB (NBS DNA site),single_task_control,derived_aggregate,NOT_VERIFIED_IN_M1,NOT VERIFIED,NOT VERIFIED,TRUE,FALSE,no author-side deposit license was read; ingested via GraphFLA repack -> conservative local-only,160000,TRUE,160000
Jalal2020_Noc_parS,Noc (parS DNA site),single_task_control,derived_aggregate,NOT_VERIFIED_IN_M1,NOT VERIFIED,NOT VERIFIED,TRUE,FALSE,no author-side deposit license was read; ingested via GraphFLA repack -> conservative local-only,160000,TRUE,160000
MaveDB_scoresets,multiple (e.g. VIM-2),oracle_only,author_deposit,https://www.mavedb.org,n/a (database),CC0 1.0 per score set (4 score sets verified),TRUE,TRUE,MaveDB per-score-set license field = CC0 1.0 (verified on 4 score sets); note score-set URNs require the -1 suffix,,FALSE,
AncSR1_Starr2017,ancestral steroid receptor (AncSR1),conditional,author_deposit,https://doi.org/10.5061/dryad.jsxksn0hk,NOT VERIFIED,CC0-1.0,TRUE,TRUE,"Dryad dataset API v2 license field = CC0-1.0 (verified 2026-09-19); ingested artifact = the Dryad deposit (20 R .rda + 1 .gexf, no CSV)",160000,TRUE,160000
TEV_ProtRec,TEV protease (DNA recorder),task_panel,author_deposit,https://doi.org/10.5281/zenodo.15346003,CC BY 4.0 (Crossref verified),CC BY 4.0,TRUE,TRUE,Zenodo deposit 15346003 license field = cc-by-4.0 (verified via Zenodo API); ingested artifact = that Zenodo deposit,,FALSE,29716
DAOx_multi_substrate,D-amino acid oxidase (DAOx),task_panel,author_deposit,https://doi.org/10.5281/zenodo.15846928,CC BY-NC-ND 4.0 (Crossref verified),CC BY 4.0,TRUE,TRUE,Zenodo deposit 15846928 license field = cc-by-4.0 (verified); paper is CC BY-NC-ND but the ingested data record is CC BY,,FALSE,6418
amiE_Wrenbeck2017,aliphatic amidase (AMI E),oracle_only,derived_aggregate,NOT_VERIFIED_IN_M1,"CC BY 4.0 (reported, not independently verified)",NOT VERIFIED,TRUE,FALSE,CC BY 4.0 was reported by an earlier survey agent but neither the paper nor the ingested artifact license was independently verified -> conservative local-only,,FALSE,6227
glmS_Andreasson2020,glmS ribozyme (RNA),modality_control,author_deposit,https://doi.org/10.1038/s41467-020-15540-1,CC BY 4.0 (Crossref verified),not stated (RNAGym raw zip),TRUE,FALSE,"ingested artifact = RNAGym raw zip whose license is NOT STATED -> per C8-2 the ingested copy is local-only (do NOT re-distribute); NOTE the paper itself is CC BY 4.0 (Crossref verified), so re-sourcing from the journal/author deposit could later permit redistribution",,FALSE,
Soo2021_RNA_8site,RNA 8-site landscape,modality_control,derived_aggregate,NOT_VERIFIED_IN_M1,NOT VERIFIED,not stated (GraphFLA repack),TRUE,FALSE,ingested via GraphFLA repack; underlying paper license not verified -> local-only,65536,TRUE,65536
Rotrattanadumrong2022_ribozyme,ribozyme (RNA),modality_control,derived_aggregate,NOT_VERIFIED_IN_M1,NOT VERIFIED,not stated (GraphFLA repack),TRUE,FALSE,ingested via GraphFLA repack; underlying paper license not verified -> local-only,65536,TRUE,65536
DHFR_Lozovsky,Plasmodium DHFR,oracle_only,derived_aggregate,NOT_VERIFIED_IN_M1,NOT VERIFIED,reported MIT (not independently verified),TRUE,FALSE,MIT was reported by an earlier survey agent but not independently verified -> conservative local-only,16,TRUE,16
Hsp90_EMPIRIC,Hsp90 (EMPIRIC),oracle_only,derived_aggregate,NOT_VERIFIED_IN_M1,NOT VERIFIED,reported CC-BY (not independently verified),TRUE,FALSE,CC-BY was reported by an earlier survey agent but not independently verified -> conservative local-only,,FALSE,
GraphFLA_corpus,aggregate corpus (195 CSV across modalities),oracle_only,derived_aggregate,https://doi.org/10.48550/arXiv.2510.24826,n/a (aggregator),not stated (repo MIT covers code only),TRUE,FALSE,repository MIT covers code only; per-dataset licenses are not covered -> no redistribution of its data files,,FALSE,
